2019-09-01 00:00:00+00:00,171.52,172.89,171.36,172.45,5981.16399,1.57E+12,1030126.009,3753,3576.32332,615886.5857,0
2019-09-01 01:00:00+00:00,172.47,173.42,172.41,172.71,7929.54701,1.57E+12,1372183.487,3310,5532.93656,957301.2387,0
2019-09-01 02:00:00+00:00,172.67,172.97,172.02,172.43,2650.04457,1.57E+12,456811.4139,2666,1333.25886,229852.9211,0
2019-09-01 03:00:00+00:00,172.41,172.83,172.32,172.57,2676.49085,1.57E+12,461830.8476,2612,1445.60395,249450.1244,0
2019-09-01 04:00:00+00:00,172.5,172.74,172.11,172.46,2596.85893,1.57E+12,447640.0645,2848,1524.31952,262782.6121,0
2019-09-01 05:00:00+00:00,172.45,172.56,172.01,172.14,4295.8567,1.57E+12,739706.0345,2982,1519.04976,261608.0013,0
2019-09-01 06:00:00+00:00,172.13,172.3,171.96,172.1,4941.74087,1.57E+12,850626.6231,3016,2373.76924,408626.511,0
2019-09-01 07:00:00+00:00,172.1,172.16,171.92,172.08,11184.89382,1.57E+12,1925232.757,2829,7656.97486,1318070.888,0
2019-09-01 08:00:00+00:00,172.07,172.1,168.51,170.38,25677.25341,1.57E+12,4374780.158,8092,15083.61152,2570560.819,0
2019-09-01 09:00:00+00:00,170.36,170.75,169.52,170.43,13066.94676,1.57E+12,2224536.483,5001,6533.3132,1112415.267,0
2019-09-01 10:00:00+00:00,170.42,170.52,169.6,170.19,5901.57194,1.57E+12,1003779.757,3502,2653.44155,451283.3814,0
2019-09-01 11:00:00+00:00,170.18,170.39,169.74,169.9,3473.8112,1.57E+12,590825.1411,2840,1698.82265,288911.7137,0
2019-09-01 12:00:00+00:00,169.86,169.9,169.22,169.58,3602.71997,1.57E+12,611321.6255,3419,1686.9231,286259.9963,0
2019-09-01 13:00:00+00:00,169.55,169.59,168.11,168.88,6352.94569,1.57E+12,1073082.282,3815,2869.32356,484897.1827,0
2019-09-01 14:00:00+00:00,168.93,169.8,168.65,169.66,4988.96812,1.57E+12,844570.9707,3268,2874.87061,486685.8065,0
2019-09-01 15:00:00+00:00,169.62,170.91,169.47,170.19,7343.85344,1.57E+12,1249665.16,4019,4191.84402,713412.7949,0
2019-09-01 16:00:00+00:00,170.2,170.3,168.73,169.36,6316.32667,1.57E+12,1070143.479,4076,3394.87963,575216.0781,0
2019-09-01 17:00:00+00:00,169.35,170.42,167.61,169.65,9168.19058,1.57E+12,1550048.803,4957,4132.96279,699529.0563,0
2019-09-01 18:00:00+00:00,169.61,170.69,169.52,169.77,13329.31614,1.57E+12,2269002.843,5105,6489.5428,1104689.566,0
2019-09-01 19:00:00+00:00,169.82,170.75,169.12,170.43,4454.82276,1.57E+12,756500.1237,3748,2155.49598,366149.8579,0
2019-09-01 20:00:00+00:00,170.42,170.46,169.65,170.24,6174.33017,1.57E+12,1050415.298,3263,3368.0078,573157.1473,0
2019-09-01 21:00:00+00:00,170.18,171.71,169.91,170.62,19681.61649,1.57E+12,3360117.586,5583,13106.1725,2237314.262,0
2019-09-01 22:00:00+00:00,170.55,172.46,170.49,171.65,11408.69849,1.57E+12,1957774.523,4531,5753.23089,987224.4335,0
2019-09-01 23:00:00+00:00,171.66,171.98,170.33,170.74,7942.55511,1.57E+12,1356659.463,3801,4410.87963,753468.7144,0
2019-09-02 00:00:00+00:00,170.73,171.98,170.28,170.64,5739.25867,1.57E+12,981018.3963,3216,3367.28593,575757.2846,0
2019-09-02 01:00:00+00:00,170.71,170.77,170.02,170.58,3153.00834,1.57E+12,536911.0107,2975,1677.71969,285732.1602,0
2019-09-02 02:00:00+00:00,170.54,171.21,170.35,170.93,5014.50252,1.57E+12,856384.1245,3165,2873.46269,490761.3783,0
2019-09-02 03:00:00+00:00,170.94,171.49,170.65,170.69,4936.53849,1.57E+12,844839.6049,3466,2032.8392,347939.4375,0
2019-09-02 04:00:00+00:00,170.69,171.23,170.69,171.15,2782.76056,1.57E+12,475694.3577,2668,1714.85165,293167.5002,0
2019-09-02 05:00:00+00:00,171.15,171.34,170.73,170.87,3962.55331,1.57E+12,677699.6208,2429,2085.23026,356652.2523,0
2019-09-02 06:00:00+00:00,170.87,170.9,170.25,170.42,5624.33887,1.57E+12,958749.4712,3363,3110.12257,530153.7657,0
2019-09-02 07:00:00+00:00,170.42,170.85,170.4,170.75,3124.60171,1.57E+12,533413.3945,2547,1583.78382,270394.1166,0
2019-09-02 08:00:00+00:00,170.73,170.79,170.15,170.56,4845.72224,1.57E+12,825915.6371,3117,2033.3033,346575.7795,0
2019-09-02 09:00:00+00:00,170.54,171.87,170.5,170.96,23868.33401,1.57E+12,4082779.281,5106,15964.01878,2730487.634,0
2019-09-02 10:00:00+00:00,171,171.5,170.82,170.97,18307.46377,1.57E+12,3132226.217,4296,12944.79968,2214453.313,0
2019-09-02 11:00:00+00:00,170.97,172.3,170.82,172.01,9906.37775,1.57E+12,1699253.3,4490,5055.79719,867302.0353,0
2019-09-02 12:00:00+00:00,171.99,172.14,171.23,171.41,7390.39777,1.57E+12,1267926.019,3335,3177.82739,545218.9468,0
2019-09-02 13:00:00+00:00,171.42,173.2,171.15,172.53,20824.69377,1.57E+12,3586323.466,5666,8619.05213,1484047.059,0
2019-09-02 14:00:00+00:00,172.53,174,172.52,173.22,12257.40521,1.57E+12,2123915.844,5075,6122.31605,1061045.856,0
2019-09-02 15:00:00+00:00,173.17,173.41,172.07,172.49,10367.6276,1.57E+12,1790492.584,4897,4377.04949,755298.9325,0
2019-09-02 16:00:00+00:00,172.5,173.77,172.48,173.1,12733.11585,1.57E+12,2205663.212,5177,7245.42869,1255213.332,0
2019-09-02 17:00:00+00:00,173.15,178.35,173.05,176.95,48862.92862,1.57E+12,8625291.747,14803,27947.75144,4931163.746,0
2019-09-02 18:00:00+00:00,176.99,178.73,176.92,177.36,18587.81033,1.57E+12,3305545.647,6683,8809.18051,1566660.75,0
2019-09-02 19:00:00+00:00,177.37,178.22,176.76,177.65,9378.51442,1.57E+12,1664446.148,4917,4881.5164,866178.3762,0
2019-09-02 20:00:00+00:00,177.68,181,177.65,179.31,30673.13576,1.57E+12,5504731.949,10129,16822.14102,3019286.631,0
2019-09-02 21:00:00+00:00,179.31,180.21,178.23,178.8,11932.12539,1.57E+12,2138998.421,5356,5888.47328,1055605.085,0
2019-09-02 22:00:00+00:00,178.81,179.2,177.73,177.8,11869.76046,1.57E+12,2119755.585,4889,6123.53128,1093530.536,0
2019-09-02 23:00:00+00:00,177.8,178.19,177.04,178.05,8484.33705,1.57E+12,1508405.411,4831,3866.87644,687495.3379,0
2019-09-03 00:00:00+00:00,178,178.78,177.89,178.2,6835.10121,1.57E+12,1217926.028,4434,3548.25049,632296.6037,0
2019-09-03 01:00:00+00:00,178.11,178.2,176.76,177.06,10990.15829,1.57E+12,1949876.313,5168,5928.31845,1051837.916,0
2019-09-03 02:00:00+00:00,177.08,177.92,176.65,177.59,11587.5386,1.57E+12,2053585.002,5015,5197.79456,921456.8816,0
2019-09-03 03:00:00+00:00,177.59,180.5,177.51,178.5,18190.98438,1.57E+12,3258322.26,7243,10550.63292,1888753.582,0
2019-09-03 04:00:00+00:00,178.47,179.32,178.07,178.79,8020.7555,1.57E+12,1432665.794,4579,3862.04429,689695.5192,0
2019-09-03 05:00:00+00:00,178.75,179.07,177.99,178.28,5720.37867,1.57E+12,1020665.85,4354,3252.71948,580456.1008,0
2019-09-03 06:00:00+00:00,178.23,178.28,177.29,177.73,6783.3605,1.57E+12,1205582.518,4910,3274.61317,581948.722,0
2019-09-03 07:00:00+00:00,177.68,178.1,177.15,177.63,8745.67683,1.57E+12,1552857.405,5137,5014.75503,890457.0311,0
2019-09-03 08:00:00+00:00,177.62,178.09,177.5,177.73,5622.15689,1.57E+12,999591.549,3887,2805.09762,498856.4046,0
2019-09-03 09:00:00+00:00,177.73,177.8,174.09,175.66,31749.31356,1.57E+12,5591529.523,10323,14005.77763,2467936.402,0
2019-09-03 10:00:00+00:00,175.7,176.73,175,176.24,13734.00962,1.57E+12,2416151.498,6136,6893.94106,1213112.289,0
2019-09-03 11:00:00+00:00,176.24,177.91,176.22,177.07,12931.87062,1.57E+12,2288274.776,5938,7595.18477,1344067.28,0
2019-09-03 12:00:00+00:00,177.07,179.27,176.37,178.68,15650.04735,1.57E+12,2777660.271,7372,7878.75447,1399052.793,0
2019-09-03 13:00:00+00:00,178.61,179.86,177.89,178.49,24996.3235,1.57E+12,4476044.824,9169,13445.78779,2407789.936,0
2019-09-03 14:00:00+00:00,178.47,183,178.41,180.96,44262.24803,1.57E+12,8027217.835,14323,23464.08111,4255343.625,0
2019-09-03 15:00:00+00:00,180.95,181.58,179.97,181.26,17832.72449,1.57E+12,3222356.346,6870,9309.92587,1681817.065,0
2019-09-03 16:00:00+00:00,181.25,181.87,180.01,180.5,9390.51426,1.57E+12,1698670.167,5893,4674.16403,845507.2952,0
2019-09-03 17:00:00+00:00,180.5,180.78,179.13,179.19,10633.10097,1.57E+12,1913439.158,5468,6141.22591,1105305.184,0
2019-09-03 18:00:00+00:00,179.2,180.07,179.01,179.78,4792.83034,1.57E+12,861480.7333,3488,2039.8596,366668.7336,0
2019-09-03 19:00:00+00:00,179.75,180.85,179.28,180.34,6083.67206,1.57E+12,1095097.865,4573,3000.45108,539945.6552,0
2019-09-03 20:00:00+00:00,180.28,181.53,180.23,180.87,6377.80506,1.57E+12,1154617.329,4330,3633.40212,657607.8496,0
2019-09-03 21:00:00+00:00,180.83,181.06,180.1,180.32,3747.31496,1.57E+12,676824.9608,3565,2212.41618,399485.1266,0
2019-09-03 22:00:00+00:00,180.32,180.98,179.9,180.95,4397.6808,1.57E+12,792856.226,3561,2479.42413,447025.3584,0
2019-09-03 23:00:00+00:00,180.95,181,176.89,178.75,38782.28798,1.57E+12,6938525.124,12022,19130.9608,3423292.025,0
2019-09-04 00:00:00+00:00,178.79,179.07,177.85,178.69,8446.31066,1.57E+12,1506807.248,4890,4624.68599,825132.6615,0
2019-09-04 01:00:00+00:00,178.7,178.74,177.05,177.31,12186.05981,1.57E+12,2166067.426,6177,6313.07392,1122028.554,0
2019-09-04 02:00:00+00:00,177.31,178.41,177.15,177.83,5318.1951,1.57E+12,945550.2193,4098,2974.85094,528877.3259,0
2019-09-04 03:00:00+00:00,177.82,179.97,177.38,179.35,13441.30094,1.57E+12,2399630.025,6208,7859.23845,1403864.907,0
2019-09-04 04:00:00+00:00,179.42,180.14,178.51,178.59,15102.96922,1.57E+12,2707370.096,6324,8620.17332,1545759.562,0
2019-09-04 05:00:00+00:00,178.53,178.96,178.04,178.7,7392.92236,1.57E+12,1319260.092,4639,4183.72923,746595.8412,0
2019-09-04 06:00:00+00:00,178.71,179.16,178.5,178.55,6293.07619,1.57E+12,1125086.067,4229,3505.63151,626704.6906,0
2019-09-04 07:00:00+00:00,178.55,178.77,177.15,177.98,9750.32913,1.57E+12,1735305.069,5465,4393.84582,781909.4457,0
2019-09-04 08:00:00+00:00,177.99,178.09,176.1,177.01,12717.03137,1.57E+12,2251226.965,5836,6417.51858,1136412.224,0
2019-09-04 09:00:00+00:00,177.02,177.65,176.5,177.12,10835.21,1.57E+12,1919770.579,5123,4919.82637,871419.004,0
2019-09-04 10:00:00+00:00,177.13,178.64,176.57,177.84,11611.88141,1.57E+12,2063965.198,5328,6267.49604,1113907.147,0
2019-09-04 11:00:00+00:00,177.85,178.2,177.11,177.66,8323.65609,1.57E+12,1478899.116,4972,3965.07472,704463.2606,0
2019-09-04 12:00:00+00:00,177.64,177.89,176.37,176.56,11061.43594,1.57E+12,1962240.027,6197,6301.75496,1118231.624,0
2019-09-04 13:00:00+00:00,176.55,176.55,174.84,175.46,19326.34365,1.57E+12,3393792.935,8221,10005.28032,1757365.956,0
2019-09-04 14:00:00+00:00,175.45,176.6,175.18,175.59,12327.115,1.57E+12,2167958.982,6075,6555.71742,1153169.857,0
2019-09-04 15:00:00+00:00,175.51,176.19,175.2,175.42,7636.07324,1.57E+12,1342168.731,5050,3803.44494,668495.6614,0
2019-09-04 16:00:00+00:00,175.4,177.69,175.16,177.14,15995.09493,1.57E+12,2828283.291,6655,9855.08763,1742676.274,0
2019-09-04 17:00:00+00:00,177.08,177.98,176.93,177.23,13934.59055,1.57E+12,2473805.047,6364,7267.2825,1290144.873,0
2019-09-04 18:00:00+00:00,177.31,177.65,175.58,175.81,7670.02988,1.57E+12,1354424.361,5029,3260.09516,575740.1813,0
2019-09-04 19:00:00+00:00,175.79,177.6,175.71,177.41,8339.34486,1.57E+12,1474754.632,5198,4838.73289,855699.2424,0
2019-09-04 20:00:00+00:00,177.37,178.15,175.65,175.86,21977.94514,1.57E+12,3887285.967,7993,11373.18218,2011360.089,0
2019-09-04 21:00:00+00:00,175.86,176.48,175.61,176.4,6921.60219,1.57E+12,1217413.19,4703,3672.75768,645998.8835,0
2019-09-04 22:00:00+00:00,176.43,176.94,173,174.44,20360.86053,1.57E+12,3551440.778,8346,9146.13226,1595893.64,0
2019-09-04 23:00:00+00:00,174.46,174.99,173.51,174.72,19256.87352,1.57E+12,3356889.451,7178,10820.14984,1886581.582,0
2019-09-05 00:00:00+00:00,174.7,174.8,173.69,174.2,9613.11975,1.57E+12,1674343.16,5722,4877.02631,849574.89,0
2019-09-05 01:00:00+00:00,174.21,174.56,173.58,174.26,7797.03472,1.57E+12,1358134.727,3847,4301.36384,749319.5352,0
2019-09-05 02:00:00+00:00,174.28,174.78,173.7,174.2,6349.3648,1.57E+12,1106697.513,4295,3237.75946,564400.8043,0
2019-09-05 03:00:00+00:00,174.16,174.76,173.41,174.4,12113.12836,1.57E+12,2107294.775,5762,6049.32804,1052315.72,0
2019-09-05 04:00:00+00:00,174.4,175.42,174.34,174.83,10008.93978,1.57E+12,1749695.059,4914,5211.85732,911057.4132,0
2019-09-05 05:00:00+00:00,174.85,175.57,174.53,175.19,8531.41813,1.57E+12,1494368.1,3821,4341.36185,760480.7363,0
2019-09-05 06:00:00+00:00,175.18,175.4,173.91,174.19,10434.31889,1.57E+12,1820500.8,5188,5716.92803,997179.4348,0
2019-09-05 07:00:00+00:00,174.21,174.66,174.08,174.45,8531.74881,1.57E+12,1487741.239,3986,5361.66199,935001.9551,0
2019-09-05 08:00:00+00:00,174.45,174.91,173.91,174.22,8076.66577,1.57E+12,1409028.052,4806,3717.6517,648691.5925,0
2019-09-05 09:00:00+00:00,174.23,174.49,171.02,172.35,22442.40901,1.57E+12,3872274.474,8749,9829.77896,1696512.446,0
2019-09-05 10:00:00+00:00,172.39,172.59,168.1,171.97,29953.32142,1.57E+12,5126916.46,11965,14188.01934,2430575.708,0
2019-09-05 11:00:00+00:00,171.98,172.23,171.25,171.35,6782.72453,1.57E+12,1164439.653,4710,4113.32162,706166.9994,0
2019-09-05 12:00:00+00:00,171.36,171.62,170.52,171.37,8939.36821,1.57E+12,1530414.808,5091,3739.85671,640505.0711,0
2019-09-05 13:00:00+00:00,171.38,172.08,171.2,172.04,4888.11312,1.57E+12,838681.4191,3702,2455.28933,421188.0467,0
2019-09-05 14:00:00+00:00,172.04,172.07,171.12,171.32,4638.26704,1.57E+12,795556.7476,4104,2498.75742,428515.4753,0
2019-09-05 15:00:00+00:00,171.3,171.83,170.89,171.64,6931.26788,1.57E+12,1187166.369,4506,4217.22326,722303.0904,0
2019-09-05 16:00:00+00:00,171.65,172.25,170.76,171.26,10833.33025,1.57E+12,1858580.273,5404,4768.02801,818102.546,0
2019-09-05 17:00:00+00:00,171.26,171.64,170.82,171.51,7430.66533,1.57E+12,1272696.732,4445,3328.20574,570078.1884,0
2019-09-05 18:00:00+00:00,171.48,172.33,171.38,171.95,5100.74565,1.57E+12,877447.419,3810,2591.66487,445783.5809,0
2019-09-05 19:00:00+00:00,171.89,174,171.11,171.67,13229.89404,1.57E+12,2276896.414,6237,7160.90921,1233050.728,0
2019-09-05 20:00:00+00:00,171.58,172.17,171.45,171.83,3237.95352,1.57E+12,556342.066,2914,1634.60172,280873.0817,0
2019-09-05 21:00:00+00:00,171.85,172.92,171.82,172.85,3156.66822,1.57E+12,544391.2897,3210,2105.54492,363119.9085,0
2019-09-05 22:00:00+00:00,172.87,176.19,172.87,174.6,16733.43854,1.57E+12,2914494.926,7594,10456.03434,1820331.363,0
2019-09-05 23:00:00+00:00,174.6,175.66,173.68,173.75,6999.93019,1.57E+12,1223394.087,4642,4000.86577,699296.1949,0
2019-09-06 00:00:00+00:00,173.74,174.13,173.03,173.04,4949.68679,1.57E+12,859020.2743,3779,2435.016,422472.747,0
2019-09-06 01:00:00+00:00,173.05,173.98,173.01,173.79,3574.63896,1.57E+12,620477.8456,3267,1637.97089,284296.4877,0
2019-09-06 02:00:00+00:00,173.76,174.93,173.76,174.33,8816.68244,1.57E+12,1536513.29,4877,4478.41621,780485.7656,0
2019-09-06 03:00:00+00:00,174.32,174.96,174.28,174.4,6868.00085,1.57E+12,1199172.904,4100,3603.00365,629039.1708,0
2019-09-06 04:00:00+00:00,174.4,176.21,174.35,175.53,9165.5987,1.57E+12,1605042.96,4994,5414.98164,948334.4594,0
2019-09-06 05:00:00+00:00,175.58,176.49,175.04,175.21,10284.55901,1.57E+12,1808571.748,5310,5150.04758,905721.0631,0
2019-09-06 06:00:00+00:00,175.22,176.1,174.96,175.29,7158.3748,1.57E+12,1255413.639,4697,3639.89541,638208.1772,0
2019-09-06 07:00:00+00:00,175.3,175.31,174.65,174.8,7688.07696,1.57E+12,1344411.886,4687,3657.83022,639676.7098,0
2019-09-06 08:00:00+00:00,174.79,175.72,174.64,174.8,8771.37979,1.57E+12,1536425.492,5165,4651.94772,814924.7678,0
2019-09-06 09:00:00+00:00,174.8,175,174.63,174.88,4150.46777,1.57E+12,725534.0324,3610,2181.34283,381325.3315,0
2019-09-06 10:00:00+00:00,174.88,176.75,174.82,175.99,14904.3926,1.57E+12,2622567.31,6277,8783.44193,1545658.918,0
2019-09-06 11:00:00+00:00,176.02,177.87,175.86,176.36,15317.37613,1.57E+12,2712428.082,7000,8145.63961,1442033.915,0
2019-09-06 12:00:00+00:00,176.39,176.78,175.6,175.9,10081.85168,1.57E+12,1776896.501,5803,6252.3263,1102009.793,0
2019-09-06 13:00:00+00:00,175.93,176.67,175.02,176.46,14467.6652,1.57E+12,2548104.339,6452,6811.15302,1199883.039,0
2019-09-06 14:00:00+00:00,176.46,177.08,175.7,175.89,7575.44434,1.57E+12,1336702.554,5340,4422.57951,780445.3643,0
2019-09-06 15:00:00+00:00,175.89,176.69,175.89,176.18,5340.32427,1.57E+12,941494.8313,3597,2626.54819,463094.6677,0
2019-09-06 16:00:00+00:00,176.16,176.24,174.84,175.9,11627.28029,1.57E+12,2039210.036,4908,5951.07155,1043672.328,0
2019-09-06 17:00:00+00:00,175.9,175.95,169.69,171.31,71453.69073,1.57E+12,12284190.68,19025,34258.52292,5888463.972,0
2019-09-06 18:00:00+00:00,171.32,171.83,170.42,170.91,18461.00292,1.57E+12,3158576.531,8362,9700.92814,1659705.852,0
2019-09-06 19:00:00+00:00,170.91,171.11,169.22,170.37,11510.67492,1.57E+12,1960276.114,6026,5701.18711,971192.1475,0
2019-09-06 20:00:00+00:00,170.39,170.47,165,168.86,42429.83152,1.57E+12,7108471.674,15146,20086.64307,3364368.12,0
2019-09-06 21:00:00+00:00,168.84,169.95,168,169.73,7309.13932,1.57E+12,1235097.942,4855,3287.14476,555377.6443,0
2019-09-06 22:00:00+00:00,169.71,169.77,168.58,168.63,6035.81729,1.57E+12,1021784.521,4512,3001.23621,508139.0787,0
2019-09-06 23:00:00+00:00,168.61,169.46,168.14,169.08,7880.42256,1.57E+12,1330931.422,5185,3920.84072,662237.0513,0
2019-09-07 00:00:00+00:00,169.11,169.52,168.57,168.79,12079.65093,1.57E+12,2043922.121,5753,7347.28575,1243075.82,0
2019-09-07 01:00:00+00:00,168.76,169.28,168.3,169.21,7390.9171,1.57E+12,1249531.095,4076,3384.8077,572152.1464,0
2019-09-07 02:00:00+00:00,169.25,169.49,169.08,169.21,4267.28771,1.57E+12,722334.6722,3040,2418.59795,409417.7384,0
2019-09-07 03:00:00+00:00,169.18,169.34,169,169.22,4069.75335,1.57E+12,688596.2105,3331,1915.10708,324056.0758,0
2019-09-07 04:00:00+00:00,169.22,169.43,168.95,169.23,4602.54416,1.57E+12,778635.7816,3596,2237.55293,378562.4887,0
2019-09-07 05:00:00+00:00,169.22,169.83,169.07,169.78,7005.3593,1.57E+12,1186980.358,3785,3335.06664,564998.8826,0
2019-09-07 06:00:00+00:00,169.78,169.9,169.24,169.43,6659.78229,1.57E+12,1129090.028,3794,2708.8914,459289.7955,0
2019-09-07 07:00:00+00:00,169.42,170.93,169.34,170.13,9566.97145,1.57E+12,1626601.142,4856,5533.61811,940888.0344,0
2019-09-07 08:00:00+00:00,170.13,170.45,170,170,4633.85636,1.57E+12,788931.7062,3695,2288.39948,389629.6964,0
2019-09-07 09:00:00+00:00,170,170.17,169.38,169.93,5241.56521,1.57E+12,889322.9244,3742,2869.68001,486850.5981,0
2019-09-07 10:00:00+00:00,169.91,171.1,169.56,169.76,10455.88034,1.57E+12,1777462.802,5353,5563.21067,945844.4838,0
2019-09-07 11:00:00+00:00,169.78,173.5,169.75,171.95,15745.6472,1.57E+12,2692410.676,7152,8792.00573,1503758.745,0
2019-09-07 12:00:00+00:00,171.96,172.11,170.86,171.04,8750.4703,1.57E+12,1499292.744,4363,4157.21692,712143.0384,0
2019-09-07 13:00:00+00:00,171.04,171.83,171.04,171.3,4728.15026,1.57E+12,810692.4528,3881,2391.69823,410116.291,0
2019-09-07 14:00:00+00:00,171.29,173.08,171.29,172.96,7466.57405,1.57E+12,1286717.908,4893,3725.9775,642355.9711,0
2019-09-07 15:00:00+00:00,173,174.48,173,174.2,11176.9922,1.57E+12,1940198.306,6561,6400.34835,1111311.561,0
2019-09-07 16:00:00+00:00,174.2,179.3,173.38,177.88,51567.75008,1.57E+12,9130783.895,20386,27732.6272,4911666.109,0
2019-09-07 17:00:00+00:00,177.92,180.8,177.9,178.38,28387.15195,1.57E+12,5092244.367,12738,15783.17552,2831305.984,0
2019-09-07 18:00:00+00:00,178.37,179.9,178.3,178.95,14589.18434,1.57E+12,2615881.107,6282,7473.05443,1339809.443,0
2019-09-07 19:00:00+00:00,178.96,180.17,177.65,178.04,12201.55424,1.57E+12,2184922.088,5968,6282.26867,1125396.113,0
2019-09-07 20:00:00+00:00,178.09,179.2,177.62,178.7,6305.26846,1.57E+12,1125115.918,4733,3467.6292,618955.0607,0
2019-09-07 21:00:00+00:00,178.71,179.93,177.89,179.29,6844.04607,1.57E+12,1223011.567,4496,3255.8472,581933.0942,0
2019-09-07 22:00:00+00:00,179.3,179.53,177.79,178.03,6426.37758,1.57E+12,1148094.079,4381,2794.71676,499135.8042,0
2019-09-07 23:00:00+00:00,178.03,178.04,177.52,177.62,3668.49676,1.57E+12,652189.3556,3300,1408.84809,250508.0052,0
2019-09-08 00:00:00+00:00,177.58,179.31,177.57,178.84,5082.31808,1.57E+12,908105.0458,4156,2374.54917,424080.1774,0
2019-09-08 01:00:00+00:00,178.84,179.3,178.18,178.31,8004.74076,1.57E+12,1431555.614,3612,4362.81312,780323.3632,0
2019-09-08 02:00:00+00:00,178.31,178.71,178.14,178.34,3007.19072,1.57E+12,536696.1491,2902,1617.19695,288657.6067,0
2019-09-08 03:00:00+00:00,178.31,184.18,178.31,182.95,33960.78118,1.57E+12,6176758.36,13101,18379.01941,3341700.291,0
2019-09-08 04:00:00+00:00,182.95,184.05,181.92,182.07,16349.5561,1.57E+12,2988743.297,7626,7351.06806,1344139.222,0
2019-09-08 05:00:00+00:00,182.08,182.22,180.62,182.08,10387.14053,1.57E+12,1885341.579,5287,5847.6422,1061314.839,0
2019-09-08 06:00:00+00:00,182.09,182.15,181.36,182.13,7557.59896,1.57E+12,1373332.883,3944,3010.81325,547126.5807,0
2019-09-08 07:00:00+00:00,182.13,182.29,180.9,181.13,14286.65432,1.57E+12,2595044.881,5334,3492.81342,634130.5042,0
2019-09-08 08:00:00+00:00,181.12,181.51,179.6,180.94,14549.6025,1.57E+12,2628892.515,6475,7202.05361,1300942.694,0
2019-09-08 09:00:00+00:00,180.94,181.39,180.64,181.12,6818.73033,1.57E+12,1234314.84,4190,4384.53536,793730.9576,0
2019-09-08 10:00:00+00:00,181.15,182.5,180.87,181.54,9083.33807,1.57E+12,1650252.237,5304,4589.77594,833854.9564,0
2019-09-08 11:00:00+00:00,181.64,181.71,176.13,179.9,36045.01714,1.57E+12,6447462.873,12736,16250.80095,2905764.493,0
2019-09-08 12:00:00+00:00,179.9,180.07,179.07,179.19,9180.56836,1.57E+12,1648727.048,5414,5091.591,914406.978,0
2019-09-08 13:00:00+00:00,179.18,179.79,178.64,178.84,6077.32807,1.57E+12,1089744.341,4472,2531.05324,453947.4911,0
2019-09-08 14:00:00+00:00,178.83,182.33,178.58,181.67,16760.10536,1.57E+12,3028166.488,8041,8874.22247,1603993.377,0
2019-09-08 15:00:00+00:00,181.62,182.02,179.2,181.35,18140.90773,1.57E+12,3278157.106,8316,8219.74855,1485809.621,0
2019-09-08 16:00:00+00:00,181.35,182.67,180.17,181.82,25277.73837,1.57E+12,4591017.469,9912,13054.81967,2371191.148,0
2019-09-08 17:00:00+00:00,181.89,181.89,178,179.73,13868.12568,1.57E+12,2500805.045,7185,5348.48778,965022.3158,0
2019-09-08 18:00:00+00:00,179.69,180.59,179.08,179.5,6868.94126,1.57E+12,1235640.252,4368,3999.58867,719525.0189,0
2019-09-08 19:00:00+00:00,179.49,180.53,179.25,179.77,4627.03266,1.57E+12,832823.4898,3916,2599.04334,467796.3659,0
2019-09-08 20:00:00+00:00,179.8,180.4,179.56,180.15,5177.62187,1.57E+12,931962.8527,3927,3004.06826,540776.9385,0
2019-09-08 21:00:00+00:00,180.1,181.41,179.44,181.31,4473.36724,1.57E+12,805629.5607,3820,2893.25719,521360.0704,0
2019-09-08 22:00:00+00:00,181.31,181.71,180.91,181.07,5320.45803,1.57E+12,964844.2769,4045,2335.47704,423532.7239,0
2019-09-08 23:00:00+00:00,181.06,182,179.28,181.19,9178.61169,1.57E+12,1660630.514,5710,4576.71146,827824.9144,0
2019-09-09 00:00:00+00:00,181.18,181.65,180.21,180.57,5204.86177,1.57E+12,940799.8767,4591,2922.16318,528288.7598,0
2019-09-09 01:00:00+00:00,180.58,180.98,180.09,180.6,4638.26965,1.57E+12,836785.4758,4016,2439.93349,440209.127,0
2019-09-09 02:00:00+00:00,180.58,181.29,177.77,178.31,14903.74311,1.57E+12,2672965.59,6948,7009.19837,1257715.903,0
2019-09-09 03:00:00+00:00,178.37,179.15,177.41,178.25,16676.52393,1.57E+12,2973414.194,6002,8764.21564,1563041.765,0
2019-09-09 04:00:00+00:00,178.25,178.78,177.23,178.71,11543.80079,1.57E+12,2055032.705,5722,5845.39132,1040677.237,0
2019-09-09 05:00:00+00:00,178.71,179.01,178.21,178.39,7128.15905,1.57E+12,1272905.766,4188,3682.61478,657660.1307,0
2019-09-09 06:00:00+00:00,178.39,178.4,177,177.55,12031.31627,1.57E+12,2136866.444,6291,5581.15655,991658.6959,0
2019-09-09 07:00:00+00:00,177.54,177.63,176.01,177.23,15256.97407,1.57E+12,2698708.361,7163,7237.23804,1280007.117,0
2019-09-09 08:00:00+00:00,177.23,178.85,176.5,178.44,16926.02429,1.57E+12,3009510.905,6905,7380.3568,1312642.867,0
2019-09-09 09:00:00+00:00,178.45,181.17,178.33,180.55,19334.82966,1.57E+12,3481625.384,8384,10997.29852,1980109.738,0
2019-09-09 10:00:00+00:00,180.53,182.09,179.91,181.74,12886.15748,1.57E+12,2331276.274,6872,6722.35259,1216011.618,0
2019-09-09 11:00:00+00:00,181.72,185.38,181.12,182.78,33481.18548,1.57E+12,6150994.473,13293,18827.46336,3460478.976,0
2019-09-09 12:00:00+00:00,182.79,183.4,181.3,182.09,12876.02732,1.57E+12,2348692.03,7225,7089.41825,1293474.829,0
2019-09-09 13:00:00+00:00,182.07,182.7,181.76,182.05,7727.07235,1.57E+12,1407314.273,5874,3503.80703,638187.0235,0
2019-09-09 14:00:00+00:00,182.1,182.83,181.2,182.16,10299.39811,1.57E+12,1875040.983,5509,4285.29765,780016.5899,0
2019-09-09 15:00:00+00:00,182.16,182.63,180.92,181.34,10483.39085,1.57E+12,1905723.031,5739,6722.0435,1222295.594,0
2019-09-09 16:00:00+00:00,181.42,181.82,178.32,180.14,21678.91131,1.57E+12,3893774.725,8463,10829.12385,1944818.379,0
2019-09-09 17:00:00+00:00,180.08,181.3,180,181.07,7339.63587,1.57E+12,1326742.551,4317,4184.58405,756379.9179,0
2019-09-09 18:00:00+00:00,181.11,181.16,179.88,179.96,4209.92349,1.57E+12,760129.4658,3515,1865.99301,336949.2512,0
2019-09-09 19:00:00+00:00,179.94,181.07,179,180.84,4116.24092,1.57E+12,740705.8414,3838,2276.06716,409678.0371,0
2019-09-09 20:00:00+00:00,180.9,181.4,179.31,179.42,6804.03944,1.57E+12,1227657.104,4228,3252.27417,587058.7566,0
2019-09-09 21:00:00+00:00,179.4,180.4,179.24,180.27,3864.77023,1.57E+12,695288.3169,2823,2183.39411,392807.4261,0
2019-09-09 22:00:00+00:00,180.26,182.58,179.86,181.87,7154.49767,1.57E+12,1298187.279,4336,3938.7642,714795.215,0
2019-09-09 23:00:00+00:00,181.96,182.65,180.31,180.54,7164.19557,1.57E+12,1300740.187,4120,3903.16993,708976.8125,0
2019-09-10 00:00:00+00:00,180.52,182.5,180.4,181.77,7771.54751,1.57E+12,1412578.089,4501,3822.43769,694457.8596,0
2019-09-10 01:00:00+00:00,181.77,184.36,181.77,182.88,15134.55442,1.57E+12,2777537.78,6534,8687.39893,1594543.999,0
2019-09-10 02:00:00+00:00,182.87,184.03,182.71,182.74,7624.68598,1.57E+12,1397936.508,4132,4042.77161,741418.2644,0
2019-09-10 03:00:00+00:00,182.75,183.22,181.63,182.48,11519.5499,1.57E+12,2099694.554,4966,5799.98077,1057300.009,0
2019-09-10 04:00:00+00:00,182.47,182.97,181.87,182.54,6807.62407,1.57E+12,1241351.586,4002,3511.46126,640042.0619,0
2019-09-10 05:00:00+00:00,182.55,183.5,181.89,182.09,7856.55371,1.57E+12,1433866.179,3898,4607.16409,840589.1443,0
2019-09-10 06:00:00+00:00,182.08,182.27,181.3,181.81,10644.15179,1.57E+12,1934381.06,4909,5878.26223,1068327.572,0
2019-09-10 07:00:00+00:00,181.81,183.14,181.61,182.53,7778.00233,1.57E+12,1419895.255,4214,4060.48391,741159.1676,0
2019-09-10 08:00:00+00:00,182.54,182.59,181.5,181.88,7326.15594,1.57E+12,1334074.916,4156,4029.26021,733677.7884,0
2019-09-10 09:00:00+00:00,181.89,182.06,180.22,181.22,15812.91942,1.57E+12,2864921.063,6594,7483.96773,1356148.148,0
2019-09-10 10:00:00+00:00,181.23,181.86,180.37,180.94,7786.3391,1.57E+12,1410416.426,4828,3503.3358,634674.4274,0
2019-09-10 11:00:00+00:00,180.96,181.69,180.84,181.24,8369.44473,1.57E+12,1517066.226,5018,4727.65258,857063.6629,0
2019-09-10 12:00:00+00:00,181.18,181.63,180.83,181.31,5958.33457,1.57E+12,1079363.73,4005,3118.07872,564886.1022,0
2019-09-10 13:00:00+00:00,181.3,181.32,179,180.28,18228.39865,1.57E+12,3283669.202,7421,8785.68014,1582825.6,0
2019-09-10 14:00:00+00:00,180.27,180.31,178.32,179.88,15335.71242,1.57E+12,2751587.629,5862,6730.82043,1208044.01,0
2019-09-10 15:00:00+00:00,179.86,180.49,179.22,179.53,7129.55092,1.57E+12,1282027.187,4427,3482.81463,626248.7419,0
2019-09-10 16:00:00+00:00,179.46,180.83,179.24,180.38,7981.02532,1.57E+12,1436747.146,4426,3890.84204,700452.6595,0
2019-09-10 17:00:00+00:00,180.37,180.47,178.96,180.12,7642.55773,1.57E+12,1374113.812,4115,3488.44231,627219.3191,0
2019-09-10 18:00:00+00:00,180.13,180.42,179.3,179.43,4587.39589,1.57E+12,824615.8332,3372,2159.75275,388173.223,0
2019-09-10 19:00:00+00:00,179.43,179.45,177,178.13,26731.08485,1.57E+12,4759976.852,10152,12451.43244,2217737.692,0
2019-09-10 20:00:00+00:00,178.11,178.56,177.5,178.33,11063.24133,1.57E+12,1970220.878,4795,5484.77625,976903.1021,0
2019-09-10 21:00:00+00:00,178.35,179.94,177.86,179.9,6328.7395,1.57E+12,1132008.128,3660,4304.41609,769933.3795,0
2019-09-10 22:00:00+00:00,179.9,180.13,179.03,179.6,6235.51317,1.57E+12,1119357.428,3455,3058.00536,548956.0502,0
2019-09-10 23:00:00+00:00,179.59,180.28,179.01,179.81,6734.42674,1.57E+12,1210491.439,3424,3164.35363,568834.7539,0
2019-09-11 00:00:00+00:00,179.87,182.8,179.67,181.25,21863.56207,1.57E+12,3967594.487,8113,12183.88082,2211170.512,0
2019-09-11 01:00:00+00:00,181.22,181.32,179.91,179.97,11141.85682,1.57E+12,2013204.357,5451,6833.94477,1235304.744,0
2019-09-11 02:00:00+00:00,179.97,180.57,179.08,179.92,7428.6842,1.57E+12,1335657.202,4204,3849.60202,692313.6244,0
2019-09-11 03:00:00+00:00,179.89,180.28,179.69,179.81,5759.13237,1.57E+12,1036823.753,3772,3074.8941,553649.1589,0
2019-09-11 04:00:00+00:00,179.81,180.08,179.23,179.73,7063.89551,1.57E+12,1269179.217,4038,3136.39838,563684.6486,0
2019-09-11 05:00:00+00:00,179.72,180,177.36,178.78,21026.946,1.57E+12,3758684.824,7611,9523.73345,1702333.489,0
2019-09-11 06:00:00+00:00,178.78,179.11,175.39,178.28,26261.28839,1.57E+12,4664093.592,9726,12609.38397,2241452.239,0
2019-09-11 07:00:00+00:00,178.3,179.13,178.23,179.06,11390.37426,1.57E+12,2036092.155,4993,5487.4477,981008.7701,0
2019-09-11 08:00:00+00:00,179.06,179.4,177.92,178.03,8158.49062,1.57E+12,1458618.293,4332,4087.87853,731150.1106,0
2019-09-11 09:00:00+00:00,178.02,178.37,177.59,178.16,8217.78524,1.57E+12,1463597.143,4815,4395.02421,782860.6195,0
2019-09-11 10:00:00+00:00,178.18,181.2,178.05,179.69,19756.7617,1.57E+12,3548510.307,7477,9183.85827,1649723.654,0
2019-09-11 11:00:00+00:00,179.69,180.02,178.9,178.91,9275.33225,1.57E+12,1664949.965,5136,4439.96219,797113.0048,0
2019-09-11 12:00:00+00:00,178.91,179.08,178.07,178.69,8524.87053,1.57E+12,1522199.759,4470,3839.98264,685610.4611,0
2019-09-11 13:00:00+00:00,178.68,178.8,177.17,177.44,9232.79175,1.57E+12,1640795.323,5534,4446.13748,790139.4486,0
2019-09-11 14:00:00+00:00,177.45,177.77,175.81,177.24,16778.61965,1.57E+12,2965053.399,7158,8895.67195,1572368.502,0
2019-09-11 15:00:00+00:00,177.26,177.27,175.59,175.96,11078.62163,1.57E+12,1953932.478,6094,5455.52763,962333.3482,0
2019-09-11 16:00:00+00:00,176.01,177.81,173,177.47,30162.73209,1.57E+12,5299993.691,9850,15086.44033,2654242.675,0
2019-09-11 17:00:00+00:00,177.47,178.16,176.45,176.96,10712.55309,1.57E+12,1898330.311,5302,5886.39921,1043199.25,0
2019-09-11 18:00:00+00:00,176.96,177.68,176.33,176.47,5698.0114,1.57E+12,1008956.01,3511,3550.72668,628806.2046,0
2019-09-11 19:00:00+00:00,176.45,176.62,176,176.11,4685.01459,1.57E+12,826019.8932,3686,2643.77936,466186.1486,0
2019-09-11 20:00:00+00:00,176.11,177.53,175.91,177,5870.82199,1.57E+12,1038013.531,4043,3108.24249,549433.4201,0
2019-09-11 21:00:00+00:00,176.99,179.34,176.85,178.09,8462.03915,1.57E+12,1506449.256,4455,4653.99903,828625.0349,0
2019-09-11 22:00:00+00:00,178.08,178.54,177.37,178.35,5187.41072,1.57E+12,923336.7618,3321,2946.34523,524423.9638,0
2019-09-11 23:00:00+00:00,178.37,178.46,177.27,178.28,4817.87106,1.57E+12,857389.2684,3225,2532.44484,450712.4714,0
2019-09-12 00:00:00+00:00,178.3,178.87,177.64,178.12,9664.30999,1.57E+12,1721835.364,4467,6338.38122,1129534.754,0
2019-09-12 01:00:00+00:00,178.15,178.79,177.89,177.98,4608.63888,1.57E+12,821841.1297,3507,2317.80226,413325.3931,0
2019-09-12 02:00:00+00:00,177.98,178.15,177.37,177.89,6662.22941,1.57E+12,1184022.184,3967,3145.32124,559087.0767,0
2019-09-12 03:00:00+00:00,177.88,178.38,177.53,178.05,5508.37745,1.57E+12,980089.0094,3728,2401.08892,427277.5557,0
2019-09-12 04:00:00+00:00,178.04,178.34,177.55,177.79,5442.35211,1.57E+12,969005.5189,3375,2764.03824,492261.229,0
2019-09-12 05:00:00+00:00,177.78,178.08,177.5,177.57,6385.92398,1.57E+12,1135075.103,3377,3543.85727,629903.269,0
2019-09-12 06:00:00+00:00,177.57,177.62,176.62,177.02,11633.16929,1.57E+12,2059832.643,5693,4940.35983,875076.5219,0
2019-09-12 07:00:00+00:00,177.02,177.66,176.96,177.28,5817.49326,1.57E+12,1031060.453,3108,3563.81558,631632.8495,0
2019-09-12 08:00:00+00:00,177.28,178.18,177.2,177.91,7618.14331,1.57E+12,1353785.125,3992,3975.10076,706421.2232,0
2019-09-12 09:00:00+00:00,177.91,178.12,177.44,177.91,7865.94536,1.57E+12,1398539.832,4190,4208.44752,748295.7379,0
2019-09-12 10:00:00+00:00,177.9,178.76,177.57,178.4,11847.65855,1.57E+12,2110636.243,5049,5778.17165,1029287.124,0
2019-09-12 11:00:00+00:00,178.41,178.81,178.1,178.21,10205.05104,1.57E+12,1821229.337,4909,5506.5213,982851.6377,0
2019-09-12 12:00:00+00:00,178.19,178.88,178.13,178.84,9790.77953,1.57E+12,1747066.798,4143,4941.89963,881975.739,0
2019-09-12 13:00:00+00:00,178.8,180.33,178.69,180.06,13278.04117,1.57E+12,2382842.315,5938,7019.40144,1259855.507,0
2019-09-12 14:00:00+00:00,180.06,180.2,179.09,179.56,9378.65551,1.57E+12,1683484.917,4816,5795.98442,1040310.383,0
2019-09-12 15:00:00+00:00,179.55,181,179.4,179.76,10723.30797,1.57E+12,1929744.289,4888,7379.64706,1328577.217,0
2019-09-12 16:00:00+00:00,179.76,180.16,178.66,178.86,10685.09437,1.57E+12,1915991.061,5300,5646.57445,1012444.208,0
2019-09-12 17:00:00+00:00,178.87,179.23,178.47,179.21,7405.25744,1.57E+12,1325157.416,3401,4076.79862,729614.3629,0
2019-09-12 18:00:00+00:00,179.21,180.07,179.2,179.48,6396.62093,1.57E+12,1149574.741,3887,3740.79699,672401.023,0
2019-09-12 19:00:00+00:00,179.47,179.91,179.17,179.43,5081.81233,1.57E+12,912219.1958,3161,2457.59144,441180.9006,0
2019-09-12 20:00:00+00:00,179.39,180.82,179.32,179.75,9336.4945,1.57E+12,1680967.078,4609,5264.95906,947953.3779,0
2019-09-12 21:00:00+00:00,179.8,181.33,179.74,181.27,7688.298,1.57E+12,1389222.085,3966,5424.74724,980438.2175,0
2019-09-12 22:00:00+00:00,181.22,182.38,180.59,180.95,13590.70929,1.57E+12,2465811.814,5762,8424.74038,1529038.435,0
2019-09-12 23:00:00+00:00,180.93,180.97,180.13,180.72,6928.77296,1.57E+12,1250939.577,3639,3551.21815,641215.7968,0
2019-09-13 00:00:00+00:00,180.71,181.38,180.12,180.4,4691.8177,1.57E+12,847698.6445,3087,2664.36462,481476.7867,0
2019-09-13 01:00:00+00:00,180.39,180.68,179.88,180,4460.29132,1.57E+12,804265.5389,3067,2035.28179,367028.329,0
2019-09-13 02:00:00+00:00,179.96,180.36,179.76,179.94,5174.3479,1.57E+12,931591.3187,2839,2870.60289,516842.1686,0
2019-09-13 03:00:00+00:00,179.94,180.24,179.7,180.22,6277.24952,1.57E+12,1129744.941,2597,3654.40284,657579.4761,0
2019-09-13 04:00:00+00:00,180.23,180.38,178.52,179.18,11609.31633,1.57E+12,2083949.888,4536,4692.95277,842432.7467,0
2019-09-13 05:00:00+00:00,179.19,179.42,178.43,178.96,11403.25647,1.57E+12,2039435.634,4517,6580.63513,1176824.648,0
2019-09-13 06:00:00+00:00,178.94,179.28,178.72,178.96,5775.63812,1.57E+12,1033990.842,3111,2394.14415,428681.7652,0
2019-09-13 07:00:00+00:00,178.99,178.99,178.52,178.7,6613.02565,1.57E+12,1182033.654,3715,2995.38203,535373.8267,0
2019-09-13 08:00:00+00:00,178.7,179.59,178.59,179.07,15478.24659,1.57E+12,2774784.354,6859,8127.56876,1457220.349,0
2019-09-13 09:00:00+00:00,179.07,179.28,178.68,178.9,14636.86043,1.57E+12,2620494.898,5647,7495.00311,1341922.835,0
2019-09-13 10:00:00+00:00,178.88,179,178.48,178.48,10505.77204,1.57E+12,1878341.781,4777,6204.5832,1109418.756,0
2019-09-13 11:00:00+00:00,178.48,179.23,178.14,179.17,13344.30874,1.57E+12,2383317.218,5187,8429.13237,1505668.291,0
2019-09-13 12:00:00+00:00,179.16,179.58,178.68,179.3,23659.44239,1.57E+12,4238005.246,4822,10552.87321,1890499.132,0
2019-09-13 13:00:00+00:00,179.25,179.46,178.71,178.85,13950.29566,1.57E+12,2498039.254,5095,8429.12765,1509425.965,0
2019-09-13 14:00:00+00:00,178.84,178.9,178.16,178.54,12058.85958,1.57E+12,2152289.725,5499,6366.50679,1136204.174,0
2019-09-13 15:00:00+00:00,178.56,179.1,178.43,178.61,5942.73334,1.57E+12,1062437.054,3534,2919.39683,521933.4987,0
2019-09-13 16:00:00+00:00,178.6,178.94,178.27,178.66,8867.91511,1.57E+12,1582932.339,4358,5236.43265,934852.1248,0
2019-09-13 17:00:00+00:00,178.66,178.89,177.54,178.52,21183.74392,1.57E+12,3773057.588,7644,11557.20331,2058867.851,0
2019-09-13 18:00:00+00:00,178.51,178.78,177.77,178.18,10598.72765,1.57E+12,1890115.065,4457,7319.7134,1305336.144,0
2019-09-13 19:00:00+00:00,178.19,178.62,178.01,178.55,6177.04609,1.57E+12,1101112.316,3526,4415.71695,787159.4004,0
2019-09-13 20:00:00+00:00,178.54,180.7,178.25,180.6,20287.23101,1.57E+12,3642952.486,6903,11828.93489,2122710.323,0
2019-09-13 21:00:00+00:00,180.61,181.11,180.4,181.08,10524.88726,1.57E+12,1901461.518,5107,5594.24633,1010883.94,0
2019-09-13 22:00:00+00:00,181.09,181.11,179.91,180.7,9017.75605,1.57E+12,1626712.952,4015,5744.12704,1036157.185,0
2019-09-13 23:00:00+00:00,180.69,181.37,180.32,180.95,12183.77172,1.57E+12,2203660.937,4853,6448.48156,1166401.733,0
2019-09-14 00:00:00+00:00,180.96,181.57,180.32,180.38,9500.51072,1.57E+12,1718425.641,4410,5425.21448,981467.4392,0
2019-09-14 01:00:00+00:00,180.36,180.48,180.18,180.32,3579.27518,1.57E+12,645476.5999,2638,1971.00621,355474.2069,0
2019-09-14 02:00:00+00:00,180.32,180.88,180.1,180.26,6777.50632,1.57E+12,1223352.881,3354,3897.0617,703575.407,0
2019-09-14 03:00:00+00:00,180.26,180.7,179.75,179.95,4014.30319,1.57E+12,724023.7426,2679,2034.10397,366977.4633,0
2019-09-14 04:00:00+00:00,179.95,180.31,179.94,180.19,4892.12523,1.57E+12,881196.734,2784,3456.12404,622551.8167,0
2019-09-14 05:00:00+00:00,180.19,180.75,180.16,180.37,5713.6092,1.57E+12,1031164.605,2957,2378.67686,429295.4497,0
2019-09-14 06:00:00+00:00,180.36,180.38,180.05,180.17,3487.64014,1.57E+12,628401.7396,2252,2066.68976,372379.1923,0
2019-09-14 07:00:00+00:00,180.17,180.98,180.06,180.47,7492.48469,1.57E+12,1352457.732,2841,5099.61916,920612.8335,0
2019-09-14 08:00:00+00:00,180.48,181,180.43,180.44,5368.5288,1.57E+12,969563.281,2585,2962.49388,535059.4204,0
2019-09-14 09:00:00+00:00,180.45,180.69,180.25,180.65,7023.00945,1.57E+12,1267814.339,3416,3752.36419,677480.8424,0
2019-09-14 10:00:00+00:00,180.65,180.86,180.45,180.74,4804.0113,1.57E+12,868104.7176,2403,2902.59309,524555.23,0
2019-09-14 11:00:00+00:00,180.75,180.83,180.19,180.34,4898.73464,1.57E+12,884582.6647,2723,2775.69554,501220.7855,0
2019-09-14 12:00:00+00:00,180.31,180.53,179.92,180.12,13148.23303,1.57E+12,2369181.821,4529,9015.26788,1624447.282,0
2019-09-14 13:00:00+00:00,180.1,184.76,180.03,183.36,42657.23174,1.57E+12,7791823.687,14381,23605.92248,4312437.897,0
2019-09-14 14:00:00+00:00,183.36,185.3,183.35,185.26,26531.0864,1.57E+12,4886861.41,9348,15046.41774,2771682.78,0
2019-09-14 15:00:00+00:00,185.24,185.5,183.84,185.01,19270.58249,1.57E+12,3561601.236,7390,11998.06323,2217672.525,0
2019-09-14 16:00:00+00:00,185.05,185.58,184.49,185.52,13780.48704,1.57E+12,2549127.796,5300,7381.95154,1365491.905,0
2019-09-14 17:00:00+00:00,185.55,188.5,185.5,187.88,32042.1126,1.57E+12,5997979.073,11279,18442.41433,3450885.479,0
2019-09-14 18:00:00+00:00,187.89,188.47,186.91,187.33,14905.33429,1.57E+12,2793928.811,5102,8386.1334,1571915.084,0
2019-09-14 19:00:00+00:00,187.33,187.44,186.25,186.81,13417.8216,1.57E+12,2506708.76,4200,7704.21701,1438966.068,0
2019-09-14 20:00:00+00:00,186.81,188.12,186.74,187.83,7072.57891,1.57E+12,1325884.021,3571,5162.44808,967959.9365,0
2019-09-14 21:00:00+00:00,187.81,188.27,186.47,188.18,8834.11125,1.57E+12,1658155.292,4568,5687.34425,1068099.285,0
2019-09-14 22:00:00+00:00,188.18,188.32,187.12,187.36,11227.44801,1.57E+12,2108706.051,4385,6321.31535,1187803.827,0
2019-09-14 23:00:00+00:00,187.37,188.79,187.3,188.13,8933.06801,1.57E+12,1680038.754,3957,6465.99344,1216350.303,0
2019-09-15 00:00:00+00:00,188.14,190.45,188.13,188.45,29752.9826,1.57E+12,5628373.97,8481,17283.37911,3268451.723,0
2019-09-15 01:00:00+00:00,188.49,188.68,188.15,188.36,12802.21552,1.57E+12,2412480,4594,8185.49711,1542568.016,0
2019-09-15 02:00:00+00:00,188.36,188.44,187.41,187.56,9786.36098,1.57E+12,1838656.595,3794,3684.99831,692120.3578,0
2019-09-15 03:00:00+00:00,187.56,187.57,185.76,186.34,22305.00594,1.57E+12,4159937.124,6600,8962.81019,1671916.175,0
2019-09-15 04:00:00+00:00,186.34,187.41,186.11,187.08,13180.52291,1.57E+12,2460724.24,4448,7604.79995,1420073.591,0
2019-09-15 05:00:00+00:00,187.08,187.79,186.91,187.61,10272.11015,1.57E+12,1923825.629,3305,4950.67967,927131.7663,0
2019-09-15 06:00:00+00:00,187.61,188.07,186.98,187.73,11720.40458,1.57E+12,2199160.287,3996,5640.05698,1058306.242,0
2019-09-15 07:00:00+00:00,187.74,187.9,187.08,187.5,4679.92746,1.57E+12,877495.8379,3122,2549.20081,477945.0587,0
2019-09-15 08:00:00+00:00,187.51,187.57,187.08,187.28,4602.80982,1.57E+12,862155.3333,3105,2617.53704,490280.6461,0
2019-09-15 09:00:00+00:00,187.29,187.68,186.92,187.47,8664.57566,1.57E+12,1622290.563,3858,5472.93536,1024756.038,0
2019-09-15 10:00:00+00:00,187.45,189.56,187.18,189.51,17810.96884,1.57E+12,3359945.415,5888,10308.39525,1944944.16,0
2019-09-15 11:00:00+00:00,189.52,189.6,188.22,188.39,16656.42693,1.57E+12,3146368.093,6115,8281.15954,1564178.488,0
2019-09-15 12:00:00+00:00,188.4,189.29,187.53,188.65,13904.75328,1.57E+12,2620586.889,5283,7198.29568,1356530.759,0
2019-09-15 13:00:00+00:00,188.65,188.67,186.93,187.54,14372.26211,1.57E+12,2698221.858,4928,7713.78053,1448290.791,0
2019-09-15 14:00:00+00:00,187.55,188.08,186.75,187.48,11874.32593,1.57E+12,2225306.55,5034,5873.39995,1101078.628,0
2019-09-15 15:00:00+00:00,187.46,189.15,187.16,188.83,18659.06826,1.57E+12,3515546.815,5430,8534.86413,1608051.141,0
2019-09-15 16:00:00+00:00,188.87,189.41,188.19,188.35,10340.56475,1.57E+12,1952361.509,4725,4584.49739,865764.6388,0
2019-09-15 17:00:00+00:00,188.35,188.65,188.11,188.46,8708.07706,1.57E+12,1640158.481,3314,4956.60289,933551.4918,0
2019-09-15 18:00:00+00:00,188.47,189.16,188.19,188.35,6154.49844,1.57E+12,1160302.92,3164,2923.32863,551118.7685,0
2019-09-15 19:00:00+00:00,188.34,189.25,188.24,189.23,3676.04069,1.57E+12,693612.9637,2551,2103.63881,396994.4209,0
2019-09-15 20:00:00+00:00,189.23,189.98,188.64,188.93,11254.21251,1.57E+12,2129628.519,4511,6796.49827,1286095.209,0
2019-09-15 21:00:00+00:00,188.94,189.87,188.81,189.14,5057.1132,1.57E+12,957089.8917,2538,3012.89316,570150.7549,0
2019-09-15 22:00:00+00:00,189.14,189.95,188.05,188.39,16811.87963,1.57E+12,3178133.903,4502,10548.71128,1994458.036,0
2019-09-15 23:00:00+00:00,188.39,189.45,188.24,189.03,5881.50102,1.57E+12,1111107.998,2766,3477.26334,656784.6614,0
2019-09-16 00:00:00+00:00,189.05,193.23,189.03,192.51,38163.63853,1.57E+12,7309459.636,11821,22330.41771,4275412.808,0
2019-09-16 01:00:00+00:00,192.52,194,192.46,193.38,22088.18419,1.57E+12,4268591.454,7343,12756.36826,2464847.721,0
2019-09-16 02:00:00+00:00,193.39,194.4,193.08,194.34,15741.15859,1.57E+12,3050823.985,5662,8320.94329,1612452.794,0
2019-09-16 03:00:00+00:00,194.33,195.25,193.36,193.8,19973.4819,1.57E+12,3881453.729,6015,11374.8299,2211094.948,0
2019-09-16 04:00:00+00:00,193.79,194.52,193.77,194.13,9659.70735,1.57E+12,1874793.348,4333,5741.97704,1114427.378,0
2019-09-16 05:00:00+00:00,194.17,194.91,193.66,193.7,10434.0493,1.57E+12,2026583.596,4076,4724.90859,917708.3353,0
2019-09-16 06:00:00+00:00,193.72,193.72,193.11,193.4,10078.79953,1.57E+12,1949099.712,4158,5928.62952,1146542.759,0
2019-09-16 07:00:00+00:00,193.4,194.22,192.51,193.96,16902.05436,1.57E+12,3269454.937,5603,9043.61259,1749554.934,0
2019-09-16 08:00:00+00:00,193.96,194.52,193.3,193.47,13543.46421,1.57E+12,2625783.869,4805,7310.6545,1417255.644,0
2019-09-16 09:00:00+00:00,193.46,194.18,192.42,193.48,20634.8245,1.57E+12,3990856.529,6633,11144.78341,2155715.358,0
2019-09-16 10:00:00+00:00,193.47,193.85,193,193.7,9805.72489,1.57E+12,1896852.821,4051,5166.59264,999360.8555,0
2019-09-16 11:00:00+00:00,193.71,194.2,193.28,193.36,9751.4362,1.57E+12,1890269.091,4011,4562.65806,884481.2737,0
2019-09-16 12:00:00+00:00,193.35,193.35,189.37,189.84,62639.15935,1.57E+12,11953358.35,15746,28927.62893,5520160.355,0
2019-09-16 13:00:00+00:00,189.83,190.48,188.3,189.52,52126.94339,1.57E+12,9875153.432,9970,26311.32394,4984309.437,0
2019-09-16 14:00:00+00:00,189.56,190.34,188.81,189.85,21256.82876,1.57E+12,4032169.854,5972,9099.01375,1726219.875,0
2019-09-16 15:00:00+00:00,189.84,190.56,189.5,189.83,13309.37734,1.57E+12,2529968.987,4858,6689.50226,1271505.115,0
2019-09-16 16:00:00+00:00,189.84,191.6,189.06,191.12,27522.17525,1.57E+12,5249113.423,7437,12799.83779,2440857.667,0
2019-09-16 17:00:00+00:00,191.1,192.09,191.08,192.01,11959.1554,1.57E+12,2291488.479,4598,7787.26519,1492194.07,0
2019-09-16 18:00:00+00:00,192.03,192.41,191.24,191.52,12312.77284,1.57E+12,2361750.265,4822,6718.94255,1288397.356,0
2019-09-16 19:00:00+00:00,191.52,192.17,191.44,191.55,7193.53038,1.57E+12,1379599.435,3563,3303.07515,633447.8403,0
2019-09-16 20:00:00+00:00,191.54,199.21,191.48,198.99,63468.05226,1.57E+12,12438653.9,18081,32219.81301,6309364.915,0
2019-09-16 21:00:00+00:00,198.99,199.44,196.72,197.65,37836.28906,1.57E+12,7492595.979,10931,20732.8499,4104309.555,0
2019-09-16 22:00:00+00:00,197.64,199.29,197.07,197.38,24772.06519,1.57E+12,4902011.622,6583,14651.8099,2899554.38,0
2019-09-16 23:00:00+00:00,197.38,197.6,196.55,197.22,19833.94409,1.57E+12,3909269.593,4959,9438.44874,1859887.305,0
2019-09-17 00:00:00+00:00,197.23,198.8,197.22,198.24,30268.96677,1.57E+12,5996233.943,7640,12834.58186,2542510.874,0
2019-09-17 01:00:00+00:00,198.22,198.34,197.07,197.41,11306.51825,1.57E+12,2234511.365,4413,6851.70493,1354161.09,0
2019-09-17 02:00:00+00:00,197.38,197.65,196.65,196.75,11144.02105,1.57E+12,2196506.292,4378,5618.57852,1107357.428,0
2019-09-17 03:00:00+00:00,196.74,197.22,195.74,197.01,18800.85852,1.57E+12,3693079.678,5609,9717.0528,1908116.341,0
2019-09-17 04:00:00+00:00,196.99,197.18,196.36,196.36,11324.15918,1.57E+12,2227848.964,4026,5018.74342,987429.655,0
2019-09-17 05:00:00+00:00,196.37,198.59,196.36,197.93,28010.8106,1.57E+12,5527559.654,6965,10097.51643,1994316.766,0
2019-09-17 06:00:00+00:00,197.93,198.37,197.21,197.57,17807.20077,1.57E+12,3521689.453,5368,8447.65529,1670413.953,0
2019-09-17 07:00:00+00:00,197.58,198.9,197.54,198.33,23836.49709,1.57E+12,4726758.321,6982,14242.17206,2824391.433,0
2019-09-17 08:00:00+00:00,198.32,198.6,197.65,197.96,17915.27879,1.57E+12,3547621.317,6433,9059.46883,1793923.216,0
2019-09-17 09:00:00+00:00,198,198.02,196.79,197.85,15367.96955,1.57E+12,3034880.899,5876,9145.98345,1806450.188,0
2019-09-17 10:00:00+00:00,197.85,198.68,197.85,198.18,15850.54252,1.57E+12,3143632.305,5989,8912.67565,1767632.972,0
2019-09-17 11:00:00+00:00,198.16,198.42,197.38,198.12,22308.91542,1.57E+12,4415021.432,5497,8499.9029,1682602.084,0
2019-09-17 12:00:00+00:00,198.12,201,197.92,200.05,61602.2779,1.57E+12,12297054.56,16111,31675.67542,6325003.132,0
2019-09-17 13:00:00+00:00,200.05,202.7,199.73,201.07,44109.60282,1.57E+12,8872874.927,11290,23280.93719,4683497.074,0
2019-09-17 14:00:00+00:00,201.08,202.23,200.89,202.09,22313.9184,1.57E+12,4496731.11,7846,10836.61721,2183978.528,0
2019-09-17 15:00:00+00:00,202.09,202.36,201.37,201.6,25707.35176,1.57E+12,5187366.46,8787,14789.50018,2984336.526,0
2019-09-17 16:00:00+00:00,201.61,210.95,201.24,209.07,122484.8317,1.57E+12,25388788.13,30202,69333.29348,14369331.19,0
2019-09-17 17:00:00+00:00,209.09,210,208.22,209.99,26515.55942,1.57E+12,5541543.537,10200,14128.09714,2953122.742,0
2019-09-17 18:00:00+00:00,209.96,210,207.86,208.45,21591.48941,1.57E+12,4509021.644,7660,9237.88008,1930225.96,0
2019-09-17 19:00:00+00:00,208.49,210.28,207.9,209.97,22580.256,1.57E+12,4726026.151,7005,13829.25552,2895524.014,0
2019-09-17 20:00:00+00:00,209.98,214.5,209.67,212.75,33161.18861,1.57E+12,7014810.261,11813,17376.43724,3678435.135,0
2019-09-17 21:00:00+00:00,212.79,215.13,210.53,211.78,53589.66673,1.57E+12,11405289.26,15874,23957.77529,5105667.223,0
2019-09-17 22:00:00+00:00,211.74,212.3,211.36,211.49,15909.49395,1.57E+12,3370249.666,5839,8872.27752,1879295.686,0
2019-09-17 23:00:00+00:00,211.48,211.79,206.9,207.84,42355.85099,1.57E+12,8870015.541,12238,18505.27749,3877337.453,0
2019-09-18 00:00:00+00:00,207.85,212.64,207.66,212.2,22537.29495,1.57E+12,4733206.067,8579,13459.9753,2827153.852,0
2019-09-18 01:00:00+00:00,212.14,212.92,211.05,212.14,26912.22638,1.57E+12,5703426.742,8780,12000.74503,2543038.42,0
2019-09-18 02:00:00+00:00,212.11,213.92,211.72,212.14,23149.92275,1.57E+12,4918685.849,9436,11970.6353,2543505.613,0
2019-09-18 03:00:00+00:00,212.14,212.17,209.72,211.3,22066.76304,1.57E+12,4655746.908,8283,10762.36294,2270037.972,0
2019-09-18 04:00:00+00:00,211.31,213.25,211.26,213.25,21637.71663,1.57E+12,4594298.9,8145,11230.53933,2384318.164,0
2019-09-18 05:00:00+00:00,213.23,213.62,211.81,211.91,12432.00204,1.57E+12,2640877.296,4795,5706.26293,1212197.714,0
2019-09-18 06:00:00+00:00,211.88,215,211.83,213.52,28940.31659,1.57E+12,6163156.654,8507,13345.41694,2841501.25,0
2019-09-18 07:00:00+00:00,213.52,217.27,213.34,216.03,43122.23133,1.57E+12,9290167.705,12935,20614.1082,4441020.281,0
2019-09-18 08:00:00+00:00,216.04,216.15,212.92,213.37,37866.06127,1.57E+12,8121595.509,11344,17555.61742,3764490.138,0
2019-09-18 09:00:00+00:00,213.35,213.99,212.01,213,23352.69793,1.57E+12,4974725.89,7864,12048.86016,2566943.503,0
2019-09-18 10:00:00+00:00,213,215.09,212.99,213.56,18806.73963,1.57E+12,4027259.402,6573,8778.66681,1879580.262,0
2019-09-18 11:00:00+00:00,213.56,213.58,209.81,211.55,39792.07409,1.57E+12,8430571.025,10207,18365.48164,3894939.625,0
2019-09-18 12:00:00+00:00,211.51,213.53,210.03,212.6,33033.43809,1.57E+12,7011635.864,9487,16652.89302,3535013.928,0
2019-09-18 13:00:00+00:00,212.63,214.45,212.51,214.22,25018.38502,1.57E+12,5342937.801,7350,14219.4862,3036775.188,0
2019-09-18 14:00:00+00:00,214.23,214.83,213.23,213.35,23451.30121,1.57E+12,5018313.508,8600,12424.20307,2658893.443,0
2019-09-18 15:00:00+00:00,213.34,214,211.83,213.96,19526.16609,1.57E+12,4159978.299,7897,10265.16518,2187425.579,0
2019-09-18 16:00:00+00:00,213.96,214.39,210.5,213.86,29901.38294,1.57E+12,6373404.267,9773,14369.67265,3065437.226,0
2019-09-18 17:00:00+00:00,213.79,214.09,212.4,213.34,15575.21156,1.57E+12,3322113.221,4693,7444.9465,1587946.242,0
2019-09-18 18:00:00+00:00,213.32,214.14,210.92,211.87,15832.77711,1.57E+12,3364654.205,6263,7328.14383,1557800.021,0
2019-09-18 19:00:00+00:00,211.87,212.83,210.4,211.23,13983.33495,1.57E+12,2955684.397,5271,6204.71379,1312113.301,0
2019-09-18 20:00:00+00:00,211.23,211.93,210.19,211.06,10394.81361,1.57E+12,2192855.24,4618,5054.01483,1066261.966,0
2019-09-18 21:00:00+00:00,211.05,212.63,210.99,211.99,6647.18465,1.57E+12,1408304.396,3472,3522.50208,746249.8398,0
2019-09-18 22:00:00+00:00,211.94,213.25,211.42,211.61,12766.61274,1.57E+12,2711023.767,4934,6592.25667,1399872.021,0
2019-09-18 23:00:00+00:00,211.63,211.74,210.01,210.21,12281.85553,1.57E+12,2588484.358,5137,6352.87898,1338983.363,0
2019-09-19 00:00:00+00:00,210.27,210.28,206.79,208.28,49640.13722,1.57E+12,10344478.87,13094,22594.78781,4707974.977,0
2019-09-19 01:00:00+00:00,208.29,208.3,205.64,206.08,33328.08256,1.57E+12,6895196.382,8853,16399.429,3394330.229,0
2019-09-19 02:00:00+00:00,206.16,207.69,205.5,206.57,29096.26666,1.57E+12,6015038.034,6937,17172.03976,3550346.906,0
2019-09-19 03:00:00+00:00,206.58,206.58,202.3,204.8,70140.99783,1.57E+12,14317528.37,18500,33183.65001,6771987.369,0
2019-09-19 04:00:00+00:00,204.77,204.78,203.07,204.42,23333.33515,1.57E+12,4758039.119,7220,11669.4733,2379807.024,0
2019-09-19 05:00:00+00:00,204.44,206.68,204.16,206.57,24857.86808,1.57E+12,5102393.026,7413,13238.09327,2716602.668,0
2019-09-19 06:00:00+00:00,206.55,206.58,205.24,205.79,21150.75045,1.57E+12,4352026.972,5870,10370.39369,2133345.536,0
2019-09-19 07:00:00+00:00,205.78,206.44,205.26,206.05,15615.04926,1.57E+12,3213294.708,4283,9360.05645,1925611.125,0
2019-09-19 08:00:00+00:00,206.04,208.42,205.38,207.74,25762.80008,1.57E+12,5338907.613,6684,11806.44099,2446693.342,0
2019-09-19 09:00:00+00:00,207.75,208.94,207.46,208.16,19610.58803,1.57E+12,4085119.927,6548,9823.8063,2046572.077,0
2019-09-19 10:00:00+00:00,208.17,208.72,206.75,207.4,20786.05674,1.57E+12,4316653.488,6468,10199.53826,2118071.849,0
2019-09-19 11:00:00+00:00,207.4,207.91,205.49,206.7,15190.89435,1.57E+12,3141441.096,5368,7504.24485,1552212.069,0
2019-09-19 12:00:00+00:00,206.68,208.54,206.63,208.09,13019.2693,1.57E+12,2704444.866,4740,7021.5948,1458649.233,0
2019-09-19 13:00:00+00:00,208.08,209.74,208.07,209.18,25054.97554,1.57E+12,5235654.134,6548,15054.25477,3145612.413,0
2019-09-19 14:00:00+00:00,209.2,209.2,207.08,208.13,26650.30815,1.57E+12,5549064.181,5785,9247.0838,1926341.036,0
2019-09-19 15:00:00+00:00,208.15,211.78,207.89,211.7,31438.30747,1.57E+12,6606146.829,7985,15990.62748,3360197.676,0
2019-09-19 16:00:00+00:00,211.7,220.78,210.56,220.09,151467.7583,1.57E+12,32876517.23,36089,78162.81247,16960375.42,0
2019-09-19 17:00:00+00:00,220.09,223.94,219.16,219.34,81156.97146,1.57E+12,17974294.02,21414,39761.60046,8807544.133,0
2019-09-19 18:00:00+00:00,219.34,221.2,218.76,219.93,27274.31145,1.57E+12,6005143.564,8411,15234.92497,3354804.521,0
2019-09-19 19:00:00+00:00,219.95,221.85,219.13,221.47,24609.40064,1.57E+12,5422273.852,6794,13457.62512,2965157.108,0
2019-09-19 20:00:00+00:00,221.47,222.99,216.73,219.48,54166.53114,1.57E+12,11907101.41,16626,27730.84826,6097300.718,0
2019-09-19 21:00:00+00:00,219.42,221.18,219.4,219.68,17965.9252,1.57E+12,3956809.089,6933,6970.50367,1536228.535,0
2019-09-19 22:00:00+00:00,219.69,220.73,218.6,219.66,25191.657,1.57E+12,5539049.439,6171,7974.47727,1753625.497,0
2019-09-19 23:00:00+00:00,219.71,222.4,219.5,220.24,17850.5795,1.57E+12,3939112.594,6133,9343.40505,2061763.751,0
2019-09-20 00:00:00+00:00,220.26,221.54,217.6,218.3,23895.8762,1.57E+12,5241447.129,7792,9725.25196,2133291.93,0
2019-09-20 01:00:00+00:00,218.28,219.13,216.06,216.48,31792.7518,1.57E+12,6916148.364,8720,15752.90386,3425998.959,0
2019-09-20 02:00:00+00:00,216.43,217.87,215.68,217.68,22053.01876,1.57E+12,4785590.755,6051,9219.53925,2000794.892,0
2019-09-20 03:00:00+00:00,217.72,219.8,217.67,219.27,16472.74728,1.57E+12,3606355.211,5709,8585.54255,1879371.747,0
2019-09-20 04:00:00+00:00,219.28,219.38,217.92,218.09,11683.48951,1.57E+12,2553912.315,4345,6243.15086,1364667.63,0
2019-09-20 05:00:00+00:00,218.09,218.1,216.53,217.19,18362.04965,1.57E+12,3990878.848,5775,8257.44244,1794773.143,0
2019-09-20 06:00:00+00:00,217.19,218.07,216.75,217.46,14537.86412,1.57E+12,3162674.694,5073,7332.94772,1595363.74,0
2019-09-20 07:00:00+00:00,217.46,217.68,216.86,217.33,15792.37393,1.57E+12,3430306.675,4316,9650.6017,2096135.57,0
2019-09-20 08:00:00+00:00,217.34,218.24,216.24,216.8,20974.48262,1.57E+12,4560906.577,6725,10266.53936,2232865.414,0
2019-09-20 09:00:00+00:00,216.76,217.44,216.16,217.02,16819.91806,1.57E+12,3646496.979,5075,10131.00281,2196046.406,0
2019-09-20 10:00:00+00:00,217,217.63,216.48,217.03,9607.09865,1.57E+12,2084958.615,3447,3668.67773,796308.5977,0
2019-09-20 11:00:00+00:00,217.02,218.54,214.44,218.5,24988.30021,1.57E+12,5409958.713,7481,12836.35846,2780324.752,0
2019-09-20 12:00:00+00:00,218.52,220,218.09,219.33,26556.18546,1.57E+12,5820275.827,7135,13805.09778,3025699.522,0
2019-09-20 13:00:00+00:00,219.33,219.69,217.26,218.27,17918.45079,1.57E+12,3919039.712,5470,8887.65388,1943687.606,0
2019-09-20 14:00:00+00:00,218.26,218.32,216.07,216.53,17894.28378,1.57E+12,3884022.903,6041,8525.40038,1850278.529,0
2019-09-20 15:00:00+00:00,216.53,217.32,215.27,217.04,18337.55815,1.57E+12,3963631.668,5875,9237.08431,1996639.135,0
2019-09-20 16:00:00+00:00,217,217.25,215,215.14,16262.26073,1.57E+12,3517152.202,5430,8066.09195,1744911.716,0
2019-09-20 17:00:00+00:00,215.14,216.9,212.05,216.11,41278.01712,1.57E+12,8880376.615,10389,20054.33891,4315627.106,0
2019-09-20 18:00:00+00:00,216.11,217,216.04,216.64,6425.92777,1.57E+12,1390898.624,2843,3656.03039,791319.221,0
2019-09-20 19:00:00+00:00,216.67,218.29,216.2,216.81,9645.35979,1.57E+12,2094921.822,3527,5421.47059,1177754.388,0
2019-09-20 20:00:00+00:00,216.81,217.14,216.14,216.43,4563.32193,1.57E+12,988336.2919,2228,2284.09131,494697.0627,0
2019-09-20 21:00:00+00:00,216.48,216.49,214.07,215.98,15656.87098,1.57E+12,3370509.381,4422,8894.42188,1914790.05,0
2019-09-20 22:00:00+00:00,215.94,216.5,214.4,214.67,12632.8927,1.57E+12,2721251.914,3394,6350.66755,1368226.841,0
2019-09-20 23:00:00+00:00,214.7,219,214.58,218.03,23653.0267,1.57E+12,5129588.792,5866,13484.72195,2923741.181,0
2019-09-21 00:00:00+00:00,218.01,219,217.31,218.74,28218.73572,1.57E+12,6159858.766,5758,12855.25679,2806585.024,0
2019-09-21 01:00:00+00:00,218.74,221.5,218.64,219.43,38537.62853,1.57E+12,8483093.949,8706,20537.53717,4519805.102,0
2019-09-21 02:00:00+00:00,219.46,220.36,218.03,218.44,10591.17249,1.57E+12,2322463.219,3371,5245.01157,1150485.958,0
2019-09-21 03:00:00+00:00,218.45,218.86,217.98,218.07,9907.28246,1.57E+12,2163811.663,2942,6063.49791,1324250.006,0
2019-09-21 04:00:00+00:00,218.08,218.32,216.87,217.31,13302.59604,1.57E+12,2895593.157,4437,6710.08763,1460435.438,0
2019-09-21 05:00:00+00:00,217.33,218.79,216.87,218.65,8684.54251,1.57E+12,1892963.36,3318,4433.51554,966246.1049,0
2019-09-21 06:00:00+00:00,218.63,218.79,216.2,217.49,22293.40484,1.57E+12,4846975.053,5047,10962.70226,2383530.435,0
2019-09-21 07:00:00+00:00,217.49,217.96,216.92,216.97,8839.29214,1.57E+12,1921966.167,2578,4390.90284,954787.4901,0
2019-09-21 08:00:00+00:00,216.93,217.1,215.38,216.39,21291.46225,1.57E+12,4600568.028,5026,10729.69247,2318570.438,0
2019-09-21 09:00:00+00:00,216.4,216.55,214.73,215.22,14516.09451,1.57E+12,3132595.041,3660,6966.37517,1503942.122,0
2019-09-21 10:00:00+00:00,215.18,215.77,214.41,214.99,16721.08704,1.57E+12,3595727.313,4180,8705.10585,1871953.572,0
2019-09-21 11:00:00+00:00,214.95,216.61,214.68,216.33,14924.3594,1.57E+12,3219115.791,3493,7779.10353,1677898.974,0
2019-09-21 12:00:00+00:00,216.34,216.96,214.4,215.75,19443.94678,1.57E+12,4193449.408,5325,8506.62959,1834294.633,0
2019-09-21 13:00:00+00:00,215.71,216.5,214.85,216.4,9149.47977,1.57E+12,1973229.208,3332,5370.97732,1158204.085,0
2019-09-21 14:00:00+00:00,216.36,216.6,215.43,216.48,11939.4601,1.57E+12,2577500.855,3038,6206.48524,1339563.795,0
2019-09-21 15:00:00+00:00,216.49,218.85,216.45,217.96,27015.3573,1.57E+12,5886253.688,6597,13911.98089,3030613.879,0
2019-09-21 16:00:00+00:00,217.97,218.85,215.48,216.26,39438.02571,1.57E+12,8546624.21,8020,19282.22539,4179331.491,0
2019-09-21 17:00:00+00:00,216.26,216.27,214.8,215.58,23622.71217,1.57E+12,5089452.156,5114,9915.03998,2136031.171,0
2019-09-21 18:00:00+00:00,215.51,216.33,215.05,215.88,8423.45603,1.57E+12,1817908.925,2699,4695.25806,1013033.029,0
2019-09-21 19:00:00+00:00,215.86,217.36,215.62,217.35,9245.40369,1.57E+12,2000753.408,2917,4886.94724,1057641.374,0
2019-09-21 20:00:00+00:00,217.34,218,215.63,215.89,12441.84603,1.57E+12,2702147.578,3722,6193.75157,1345576.439,0
2019-09-21 21:00:00+00:00,215.98,216.4,215.27,215.42,7991.94485,1.57E+12,1724454.758,2324,4055.64783,875137.9841,0
2019-09-21 22:00:00+00:00,215.42,216.98,213.2,215.58,33607.96875,1.57E+12,7219221.531,7315,14943.24874,3210932.947,0
2019-09-21 23:00:00+00:00,215.6,216.69,215.03,215.05,7744.26509,1.57E+12,1672821.002,2472,3832.72727,827826.0444,0
2019-09-22 00:00:00+00:00,215.04,215.61,212.9,213.53,28158.59021,1.57E+12,6029976.101,5880,13267.93841,2840426.2,0
2019-09-22 01:00:00+00:00,213.52,213.89,209.13,211.11,53502.87037,1.57E+12,11297019.12,10475,24665.5987,5210090.065,0
2019-09-22 02:00:00+00:00,211.09,211.95,210.01,211.5,10380.51133,1.57E+12,2192042.407,3180,4472.9374,944668.5265,0
2019-09-22 03:00:00+00:00,211.51,211.54,208.66,209.3,24662.82771,1.57E+12,5175363.176,4999,13911.99853,2919766.682,0
2019-09-22 04:00:00+00:00,209.3,209.84,207.48,209.22,21175.71949,1.57E+12,4420593.088,5336,11820.11365,2468209.79,0
2019-09-22 05:00:00+00:00,209.22,210.99,208.75,210.59,15885.74904,1.57E+12,3338687.292,3954,9052.62336,1903087.438,0
2019-09-22 06:00:00+00:00,210.62,211.39,210.05,210.78,9720.78891,1.57E+12,2048930.279,3077,4054.36942,854420.4827,0
2019-09-22 07:00:00+00:00,210.77,213.08,210.56,212.46,15884.28955,1.57E+12,3368796.622,4034,8124.92062,1722298.077,0
2019-09-22 08:00:00+00:00,212.55,213.24,211.15,211.4,13623.42104,1.57E+12,2893602.311,3524,7462.66273,1585862.215,0
2019-09-22 09:00:00+00:00,211.39,212.36,210.54,212.35,11218.98123,1.57E+12,2369873.945,2991,5119.60568,1081563.73,0
2019-09-22 10:00:00+00:00,212.35,212.41,209.72,210.15,16270.7008,1.57E+12,3433858.61,4508,7557.42758,1594663.408,0
2019-09-22 11:00:00+00:00,210.15,210.96,209.18,210.58,9918.4897,1.57E+12,2083867.25,3339,5388.57183,1132214.431,0
2019-09-22 12:00:00+00:00,210.56,211.98,210.49,211.69,13809.27255,1.57E+12,2920108.504,4017,7786.59363,1647010.904,0
2019-09-22 13:00:00+00:00,211.65,212.6,210.19,211.15,21840.56884,1.57E+12,4621008.631,5588,10348.36847,2189250.427,0
2019-09-22 14:00:00+00:00,211.11,211.14,209.54,210.84,20066.97495,1.57E+12,4218642.142,4040,13390.55063,2814268.075,0
2019-09-22 15:00:00+00:00,210.81,211.32,210.07,210.49,9973.42143,1.57E+12,2100740.547,2768,3823.68003,805236.0458,0
2019-09-22 16:00:00+00:00,210.5,211.24,206.62,208.39,46765.01924,1.57E+12,9762443.125,10212,19082.00812,3980543.621,0
2019-09-22 17:00:00+00:00,208.4,208.5,207.09,207.78,16487.6851,1.57E+12,3428529.45,4394,7677.88666,1596528.258,0
2019-09-22 18:00:00+00:00,207.73,208.3,206.8,207.52,17873.90543,1.57E+12,3708196.906,4624,9024.01146,1871899.754,0
2019-09-22 19:00:00+00:00,207.51,207.7,206.34,206.64,11205.39959,1.57E+12,2319877.431,2856,6264.56425,1296738.161,0
2019-09-22 20:00:00+00:00,206.64,208.32,206.1,208.32,12784.72658,1.57E+12,2647950.02,3554,5251.67694,1088068.947,0
2019-09-22 21:00:00+00:00,208.33,210.4,207.48,210.08,14332.47889,1.57E+12,2994816.988,3328,9597.05073,2005346.37,0
2019-09-22 22:00:00+00:00,210.09,211.46,209.36,210.85,14692.95832,1.57E+12,3090363.81,3887,7718.76441,1623247.848,0
2019-09-22 23:00:00+00:00,210.85,212.14,209.7,211.2,15153.59757,1.57E+12,3197063.744,3832,8293.38243,1750148.975,0
2019-09-23 00:00:00+00:00,211.2,211.68,209.06,209.28,15177.14157,1.57E+12,3192332.022,4425,6981.3559,1468404.068,0
2019-09-23 01:00:00+00:00,209.21,209.37,208.09,208.69,17974.95145,1.57E+12,3753126.36,4058,13735.26511,2868340.93,0
2019-09-23 02:00:00+00:00,208.75,209.47,208.57,208.94,7976.48766,1.57E+12,1666805.925,2901,4585.77023,958219.5286,0
2019-09-23 03:00:00+00:00,208.9,208.9,207.26,208.19,6902.69145,1.57E+12,1435955.776,2870,3113.46347,647687.3561,0
2019-09-23 04:00:00+00:00,208.19,209.34,208.1,209.31,7033.4961,1.57E+12,1468066.935,2428,3280.81721,684964.4306,0
2019-09-23 05:00:00+00:00,209.31,209.45,208.23,208.51,7898.76639,1.57E+12,1649854.351,3249,4014.56894,838548.9715,0
2019-09-23 06:00:00+00:00,208.51,209,207.08,208.86,16108.6811,1.57E+12,3349292.726,4804,9023.05957,1876291.895,0
2019-09-23 07:00:00+00:00,208.86,209.65,208.46,208.76,6792.00533,1.57E+12,1419248.649,2931,3109.02808,649741.922,0
2019-09-23 08:00:00+00:00,208.77,210.08,208.7,209.43,10895.20102,1.57E+12,2284186.402,3533,5109.51986,1071090.108,0
2019-09-23 09:00:00+00:00,209.42,210.99,209.42,210.19,10463.88692,1.57E+12,2202105.444,4092,4893.0246,1029597.436,0
2019-09-23 10:00:00+00:00,210.17,210.25,209.02,209.3,8034.70596,1.57E+12,1684586.985,3445,3501.31401,734149.7419,0
2019-09-23 11:00:00+00:00,209.28,210.41,209.14,209.4,7564.37067,1.57E+12,1587177.175,2733,3787.99528,794810.5691,0
2019-09-23 12:00:00+00:00,209.4,209.65,208.62,209.29,10814.24251,1.57E+12,2261536.262,3413,6383.41409,1334975.785,0
2019-09-23 13:00:00+00:00,209.31,209.52,208.43,208.95,7626.65397,1.57E+12,1593400.722,3159,3780.1557,789749.6666,0
2019-09-23 14:00:00+00:00,208.94,209.73,203.6,209.33,46845.49934,1.57E+12,9701076.405,12137,22599.95135,4682448.471,0
2019-09-23 15:00:00+00:00,209.41,210.59,208.66,209.48,16226.32809,1.57E+12,3401515.633,5273,8048.49026,1686967.673,0
2019-09-23 16:00:00+00:00,209.56,210.75,207.17,208.03,19948.22091,1.57E+12,4168654.903,7089,11168.72067,2334443.336,0
2019-09-23 17:00:00+00:00,208.03,208.83,206.71,207.12,10664.0341,1.57E+12,2215387.159,4212,5282.37039,1097637.236,0
2019-09-23 18:00:00+00:00,207.12,207.87,206.79,207.25,8387.0779,1.57E+12,1738740.557,2898,3977.04229,824430.6133,0
2019-09-23 19:00:00+00:00,207.28,207.35,205.51,206.13,7690.34569,1.57E+12,1588597.898,2821,3581.20893,739665.1786,0
2019-09-23 20:00:00+00:00,206.15,206.45,204.14,205.18,15869.49883,1.57E+12,3261577.109,4184,6691.47364,1375911.914,0
2019-09-23 21:00:00+00:00,205.08,205.36,198.65,202.65,72688.53069,1.57E+12,14684777.27,20531,32539.43538,6574905.974,0
2019-09-23 22:00:00+00:00,202.68,202.68,198.8,201.38,41370.91978,1.57E+12,8301104.344,10585,20495.61375,4115263.237,0
2019-09-23 23:00:00+00:00,201.39,202.25,200.68,201.29,11483.33341,1.57E+12,2313783.445,4095,6101.45918,1229290.293,0
2019-09-24 00:00:00+00:00,201.25,202.25,199.41,202.2,17820.84318,1.57E+12,3580434.219,7071,9482.69935,1904500.281,0
2019-09-24 01:00:00+00:00,202.19,202.98,201.29,201.45,17948.47551,1.57E+12,3631813.73,5443,11002.2445,2226838.145,0
2019-09-24 02:00:00+00:00,201.48,202.48,201.02,201.28,7693.47392,1.57E+12,1551348.793,4138,4149.81666,837009.6084,0
2019-09-24 03:00:00+00:00,201.36,201.74,200.19,201.39,12407.44221,1.57E+12,2493252.231,4777,7948.58508,1597404.64,0
2019-09-24 04:00:00+00:00,201.35,201.98,200.44,201.35,8013.89189,1.57E+12,1612749.575,3078,5111.0936,1028671.085,0
2019-09-24 05:00:00+00:00,201.31,201.7,200.82,201.04,12128.9643,1.57E+12,2439365.853,3208,7936.71651,1596041.091,0
2019-09-24 06:00:00+00:00,201.08,201.6,198.72,198.83,14605.99172,1.57E+12,2928983.781,4261,6578.7108,1320161.069,0
2019-09-24 07:00:00+00:00,198.83,200.27,198.38,199.13,29760.21024,1.57E+12,5930181.859,5834,16115.23352,3211738.476,0
2019-09-24 08:00:00+00:00,199.13,199.72,194.58,196.56,51572.931,1.57E+12,10162677.97,12893,23061.56772,4544798.642,0
2019-09-24 09:00:00+00:00,196.58,197.99,195.31,197.23,22941.78121,1.57E+12,4518408.138,5716,9920.25137,1953558.552,0
2019-09-24 10:00:00+00:00,197.19,197.33,195.54,196.73,18284.65654,1.57E+12,3595702.316,4983,9732.33495,1913877.729,0
2019-09-24 11:00:00+00:00,196.73,198.23,196.68,197.58,20769.79669,1.57E+12,4103987.654,6393,10452.62212,2065739.589,0
2019-09-24 12:00:00+00:00,197.59,197.67,195.02,196.06,22171.67776,1.57E+12,4354796.416,6786,11264.49768,2212591.085,0
2019-09-24 13:00:00+00:00,196.04,196.21,193.95,194.88,43467.41562,1.57E+12,8480543.199,10436,19880.25878,3879584.63,0
2019-09-24 14:00:00+00:00,194.88,194.89,190.4,190.59,76430.71927,1.57E+12,14705078.21,18875,31162.9334,5994746.823,0
2019-09-24 15:00:00+00:00,190.59,193.01,187.11,192.66,103112.9525,1.57E+12,19635753.32,27312,49415.15694,9415010.55,0
2019-09-24 16:00:00+00:00,192.65,193.91,188.64,189.71,58443.39091,1.57E+12,11176062.64,12567,31802.13432,6082723.746,0
2019-09-24 17:00:00+00:00,189.7,190.2,188.11,189.4,34866.61714,1.57E+12,6597767.804,9110,17515.39621,3313109.341,0
2019-09-24 18:00:00+00:00,189.4,189.99,165.2,165.33,138317.7841,1.57E+12,24830187.13,36520,60701.93993,10918012.57,0
2019-09-24 19:00:00+00:00,165.33,174,150.03,164.9,297147.8684,1.57E+12,48843441.98,72420,144113.2462,23716185.75,0
2019-09-24 20:00:00+00:00,164.86,167.47,158.21,164.96,162319.9636,1.57E+12,26625695.69,45132,81636.78708,13401398.52,0
2019-09-24 21:00:00+00:00,164.95,169.23,161.77,167.2,96657.09541,1.57E+12,16035950.47,26277,50740.63726,8419380.216,0
2019-09-24 22:00:00+00:00,167.14,170.42,166.05,168.24,101063.592,1.57E+12,17014250.2,25004,52793.71731,8888133.494,0
2019-09-24 23:00:00+00:00,168.24,171.72,164.54,165.81,110271.2921,1.57E+12,18563638.35,25544,56626.74195,9534520.912,0
2019-09-25 00:00:00+00:00,165.72,169.8,165.39,168.7,78360.51097,1.57E+12,13160889.02,18558,40024.8308,6722991.68,0
2019-09-25 01:00:00+00:00,168.68,173.41,168.67,173.04,37041.89437,1.57E+12,6327932.5,11511,19612.19991,3349253.469,0
2019-09-25 02:00:00+00:00,173.07,174.85,169.66,171.04,46917.04971,1.57E+12,8084192.316,13742,23265.29689,4007086.95,0
2019-09-25 03:00:00+00:00,170.99,172.15,169.5,170.26,21252.06918,1.57E+12,3634896.658,8228,9086.92294,1554153.616,0
2019-09-25 04:00:00+00:00,170.26,171.96,166.62,168.63,47402.2798,1.57E+12,7995885.241,13024,22857.61115,3855610.959,0
2019-09-25 05:00:00+00:00,168.54,169.56,167.32,168.62,16534.4304,1.57E+12,2783929.316,6878,9187.38471,1547268.561,0
2019-09-25 06:00:00+00:00,168.63,170,167.67,167.7,21820.80715,1.57E+12,3687687.567,7582,11202.5446,1894017.858,0
2019-09-25 07:00:00+00:00,167.7,168.35,163.3,164.16,56378.4814,1.57E+12,9329810.478,16483,28638.80667,4739920.709,0
2019-09-25 08:00:00+00:00,164.22,166.1,161.88,163.7,72433.03488,1.57E+12,11856187.11,18671,36206.99893,5927660.203,0
2019-09-25 09:00:00+00:00,163.7,168.91,163.62,168.14,49330.68479,1.57E+12,8246464.294,14059,25444.25032,4251705.879,0
2019-09-25 10:00:00+00:00,168.16,169.36,166.65,168.49,36717.39353,1.57E+12,6170717.06,9692,18543.2275,3116347.401,0
2019-09-25 11:00:00+00:00,168.55,169.28,165.61,166.49,43140.34226,1.57E+12,7209479.046,10965,22686.56885,3791304.872,0
2019-09-25 12:00:00+00:00,166.49,167.5,164.29,165.41,41823.08393,1.57E+12,6945891.157,11327,21351.34392,3547004.806,0
2019-09-25 13:00:00+00:00,165.4,167.94,165,167.7,32809.46759,1.57E+12,5476385.802,9477,16673.94135,2784536.272,0
2019-09-25 14:00:00+00:00,167.67,168.97,166.5,167.05,28048.77109,1.57E+12,4711135.721,8536,14322.72365,2405878.851,0
2019-09-25 15:00:00+00:00,167.05,169.39,165.03,165.5,25622.80738,1.57E+12,4289772.311,8213,12896.3098,2160733.825,0
2019-09-25 16:00:00+00:00,165.5,169.37,164.56,169.1,56540.53759,1.57E+12,9455392.655,13132,30257.54357,5061723.969,0
2019-09-25 17:00:00+00:00,169.1,170.48,168,168.54,34386.3262,1.57E+12,5823699.378,9478,18809.96575,3186314.82,0
2019-09-25 18:00:00+00:00,168.5,168.8,166.21,167.3,26880.89376,1.57E+12,4503454.07,7808,12443.63181,2084799.38,0
2019-09-25 19:00:00+00:00,167.32,168.99,166.81,168.72,14387.75474,1.57E+12,2410296.805,5083,7629.47347,1278274.321,0
2019-09-25 20:00:00+00:00,168.71,171.8,168.32,170.05,27534.91595,1.57E+12,4687879.234,8659,13689.92141,2330095.875,0
2019-09-25 21:00:00+00:00,170.03,171.88,169.22,170.7,19677.58421,1.57E+12,3355469.545,6487,8840.96457,1508079.004,0
2019-09-25 22:00:00+00:00,170.75,172.97,169.44,169.56,21103.93611,1.57E+12,3602297.719,7313,10807.84465,1845872.341,0
2019-09-25 23:00:00+00:00,169.62,170.78,168,169.96,22856.40514,1.57E+12,3869669.131,6550,12540.2404,2124514.696,0
2019-09-26 00:00:00+00:00,169.96,170.36,169.01,169.15,20439.06766,1.57E+12,3466815.421,5262,9140.85626,1550942.283,0
2019-09-26 01:00:00+00:00,169.19,169.37,167.6,168.03,17428.02258,1.57E+12,2937296.097,6573,8090.11602,1363514.329,0
2019-09-26 02:00:00+00:00,167.98,168.48,167.07,168.05,14717.28169,1.57E+12,2468823.52,5051,8344.11449,1399626.361,0
2019-09-26 03:00:00+00:00,168.06,169.17,167.88,168.4,12240.39523,1.57E+12,2060864.997,4041,6348.26779,1068930.222,0
2019-09-26 04:00:00+00:00,168.39,169.13,167.76,168.6,12252.42033,1.57E+12,2063819.177,4264,5812.8521,979500.2182,0
2019-09-26 05:00:00+00:00,168.61,169.86,168.61,169.1,11768.95558,1.57E+12,1992357.638,4234,5259.15219,890401.5944,0
2019-09-26 06:00:00+00:00,169.08,169.98,168.96,169.21,12130.61158,1.57E+12,2056153.946,4155,5532.0076,937908.0768,0
2019-09-26 07:00:00+00:00,169.22,169.79,168.98,169.3,11339.37641,1.57E+12,1920391.208,3315,5669.1206,959962.1932,0
2019-09-26 08:00:00+00:00,169.3,170.77,169.11,170.21,15471.5904,1.57E+12,2631945.53,4940,8570.18427,1458053.64,0
2019-09-26 09:00:00+00:00,170.21,171.01,169.54,170.28,17140.03017,1.57E+12,2918237.292,5116,8671.72636,1476500.166,0
2019-09-26 10:00:00+00:00,170.26,170.46,169.52,170.15,15933.75388,1.57E+12,2708788.886,4542,9187.46704,1562010.148,0
2019-09-26 11:00:00+00:00,170.13,170.2,168.68,168.72,20165.22278,1.57E+12,3419084.161,5785,9246.69169,1568330.869,0
2019-09-26 12:00:00+00:00,168.74,169.68,168.42,169.44,14616.56128,1.57E+12,2471534.913,4679,7727.3929,1306576.96,0
2019-09-26 13:00:00+00:00,169.45,169.61,162.91,166.71,74235.6369,1.57E+12,12365637.09,16606,36172.48343,6026059.804,0
2019-09-26 14:00:00+00:00,166.74,169.08,163.8,165.23,55764.03372,1.57E+12,9286219.521,13515,30165.10927,5025008.459,0
2019-09-26 15:00:00+00:00,165.23,166.12,157.75,159.91,87366.18601,1.57E+12,14165468.81,19097,41893.47225,6794246.775,0
2019-09-26 16:00:00+00:00,159.91,162.01,152.11,160.29,161502.897,1.57E+12,25510051.88,34364,79397.85467,12547370.18,0
2019-09-26 17:00:00+00:00,160.26,161.39,158.3,159.35,49759.25674,1.57E+12,7951894.911,11661,26813.51025,4285238.018,0
2019-09-26 18:00:00+00:00,159.33,165.55,159.32,164.08,43222.13753,1.57E+12,7015534,12008,22291.90471,3618577.115,0
2019-09-26 19:00:00+00:00,164.11,165.55,163,165.13,29190.09472,1.57E+12,4791708.392,8772,15081.68881,2474367.305,0
2019-09-26 20:00:00+00:00,165.14,165.35,163.2,163.88,17205.45796,1.57E+12,2830882.396,5408,7767.34386,1277689.157,0
2019-09-26 21:00:00+00:00,163.96,165.83,162.18,165.75,21093.09748,1.57E+12,3452599.848,5861,11413.56246,1868325.672,0
2019-09-26 22:00:00+00:00,165.74,167.42,163.82,166.59,22975.5399,1.57E+12,3802761.39,6292,11939.30807,1976871.862,0
2019-09-26 23:00:00+00:00,166.58,167.71,165.64,165.92,21984.54396,1.57E+12,3659265.249,6479,10722.76779,1784372.391,0
2019-09-27 00:00:00+00:00,165.92,166.65,163.86,164.13,20298.01436,1.57E+12,3356829.676,6559,10085.66783,1668162.522,0
2019-09-27 01:00:00+00:00,164.13,165.69,163.61,165.62,18033.14537,1.57E+12,2970395.357,6933,9714.82234,1600798.627,0
2019-09-27 02:00:00+00:00,165.62,165.86,163.92,164.93,12780.25317,1.57E+12,2105008.694,4828,6077.28359,1000995.936,0
2019-09-27 03:00:00+00:00,164.95,165.89,164.88,165.36,15702.8725,1.57E+12,2595709.483,5623,7085.51552,1171317.973,0
2019-09-27 04:00:00+00:00,165.4,165.8,164.39,164.67,14375.1832,1.57E+12,2372480.599,5464,7878.46213,1300705.221,0
2019-09-27 05:00:00+00:00,164.67,164.75,163.79,164.56,13472.01298,1.57E+12,2213214.37,4180,8121.51322,1334382.854,0
2019-09-27 06:00:00+00:00,164.56,165.75,164.55,165.3,13411.90822,1.57E+12,2216266.31,4645,7331.56943,1211165.983,0
2019-09-27 07:00:00+00:00,165.32,167.8,165.32,167,31894.89993,1.57E+12,5314856.712,10922,18004.38517,2999547.214,0
2019-09-27 08:00:00+00:00,166.98,167.62,165.91,166.52,24480.90053,1.57E+12,4083882.644,6890,14719.59279,2455566.613,0
2019-09-27 09:00:00+00:00,166.52,166.7,165.52,166.45,20272.0765,1.57E+12,3364348.472,6295,11182.40824,1855716.141,0
2019-09-27 10:00:00+00:00,166.45,166.98,165.52,165.93,13679.04605,1.57E+12,2276675.943,5211,7098.98509,1181640.651,0
2019-09-27 11:00:00+00:00,165.93,166.14,164.14,165.41,25455.17859,1.57E+12,4201106.211,7390,12254.0197,2022439.662,0
2019-09-27 12:00:00+00:00,165.4,166.45,164.99,165.43,19949.99205,1.57E+12,3303556.255,6263,9913.42805,1642007.527,0
2019-09-27 13:00:00+00:00,165.4,166.19,164.59,164.81,12108.70781,1.57E+12,2003410.09,4471,6253.55571,1034795.291,0
2019-09-27 14:00:00+00:00,164.8,166.94,164.3,164.71,26743.25102,1.57E+12,4425875.261,7690,15019.75686,2485888.193,0
2019-09-27 15:00:00+00:00,164.72,165.31,161.03,164.04,68000.0312,1.57E+12,11078069.48,14102,32688.06357,5325150.975,0
2019-09-27 16:00:00+00:00,164.04,168.52,163.34,166.81,49571.65961,1.57E+12,8251802.343,12505,27439.34022,4567740.799,0
2019-09-27 17:00:00+00:00,166.82,168.17,165.9,167.27,23109.9074,1.57E+12,3860946.881,6061,12333.19465,2060332.064,0
2019-09-27 18:00:00+00:00,167.29,167.98,166.64,167.15,13417.99504,1.57E+12,2243190.755,4020,7461.62325,1247343.735,0
2019-09-27 19:00:00+00:00,167.17,168.14,166.46,167.3,18015.31214,1.57E+12,3016981.34,5902,8051.71505,1347894.103,0
2019-09-27 20:00:00+00:00,167.27,171.42,167.2,170.73,40997.18396,1.57E+12,6963798.382,10550,21406.11705,3634097.852,0
2019-09-27 21:00:00+00:00,170.69,176.72,170.5,175.1,73497.44071,1.57E+12,12825039.88,18862,35569.91457,6199800.965,0
2019-09-27 22:00:00+00:00,175.11,175.95,171.98,172.31,44172.09791,1.57E+12,7696501.96,11074,22364.27054,3896338.896,0
2019-09-27 23:00:00+00:00,172.26,174.28,171.83,173.79,21493.89682,1.57E+12,3721496.798,7171,11178.67155,1935494.745,0
2019-09-28 00:00:00+00:00,173.83,174.75,173.13,174.67,16544.13495,1.57E+12,2878829.709,7310,8491.65683,1477783.03,0
2019-09-28 01:00:00+00:00,174.68,174.8,173.2,173.89,10277.14601,1.57E+12,1788149.071,5506,4811.7104,837289.388,0
2019-09-28 02:00:00+00:00,173.93,174.81,173.46,174.67,16305.30447,1.57E+12,2842525.951,5998,10182.05396,1775791.952,0
2019-09-28 03:00:00+00:00,174.68,175.49,173.75,174.63,18210.01231,1.57E+12,3179650.348,5012,12841.03743,2242643.566,0
2019-09-28 04:00:00+00:00,174.63,175,174.13,174.6,8158.37506,1.57E+12,1424372.74,4127,4218.69983,736459.8165,0
2019-09-28 05:00:00+00:00,174.61,174.66,173.88,174,8196.13988,1.57E+12,1428506.962,3848,4384.74225,764310.2166,0
2019-09-28 06:00:00+00:00,174.04,174.07,172.92,173.22,11717.80753,1.57E+12,2034649.134,4131,6253.59422,1085986.842,0
2019-09-28 07:00:00+00:00,173.22,174.65,173.14,174.41,12319.97808,1.57E+12,2143019.483,4786,6591.26061,1146236.382,0
2019-09-28 08:00:00+00:00,174.47,174.68,173.42,173.69,10283.80746,1.57E+12,1789139.005,4180,4448.68605,774139.9732,0
2019-09-28 09:00:00+00:00,173.68,175.03,173.47,175.01,12214.31681,1.57E+12,2129294.392,4512,6031.91026,1051604.383,0
2019-09-28 10:00:00+00:00,175.01,175.31,173.75,174.21,12952.26568,1.57E+12,2258262.322,5193,6138.85754,1070414.754,0
2019-09-28 11:00:00+00:00,174.24,174.34,172.34,172.45,22556.79943,1.57E+12,3906554.97,6814,10749.03321,1861937.826,0
2019-09-28 12:00:00+00:00,172.43,172.62,170.11,171.15,48244.79511,1.57E+12,8274394.822,11704,20557.20171,3523402.976,0
2019-09-28 13:00:00+00:00,171.15,172.87,170.44,172.87,23200.22972,1.57E+12,3983520.44,7307,14332.05045,2460831.082,0
2019-09-28 14:00:00+00:00,172.85,172.85,170.05,170.55,19975.5239,1.57E+12,3422944.16,6320,10348.18506,1773153.169,0
2019-09-28 15:00:00+00:00,170.56,170.56,168,170,49898.64597,1.57E+12,8440250.129,12975,25475.03715,4308843.444,0
2019-09-28 16:00:00+00:00,169.98,174.24,168.93,172.37,60137.23674,1.57E+12,10363689.66,15177,33574.75331,5783857.986,0
2019-09-28 17:00:00+00:00,172.33,174.17,172.12,173.63,23828.0569,1.57E+12,4124858.086,5727,11309.82198,1957528.591,0
2019-09-28 18:00:00+00:00,173.64,175.22,172.97,173.46,32008.36818,1.57E+12,5577490.571,8652,16780.50663,2924347.889,0
2019-09-28 19:00:00+00:00,173.47,173.72,172.38,173.59,10803.20216,1.57E+12,1868660.875,3770,5783.24158,1000438.418,0
2019-09-28 20:00:00+00:00,173.6,174.21,172.59,173.83,9200.82171,1.57E+12,1596326.432,3542,3845.89839,666823.033,0
2019-09-28 21:00:00+00:00,173.83,174.06,172.88,172.94,4505.38402,1.57E+12,782003.9377,2826,2066.59029,358783.8662,0
2019-09-28 22:00:00+00:00,172.95,175.04,170.04,172.98,59344.3569,1.57E+12,10261680.04,14096,28900.8343,4996623.563,0
2019-09-28 23:00:00+00:00,172.96,174.32,172.42,173.49,20892.75695,1.57E+12,3622197.934,5824,12002.93025,2081384.499,0
2019-09-29 00:00:00+00:00,173.5,174.5,172.77,173.46,11379.56531,1.57E+12,1972520.074,4796,6103.37474,1057901.185,0
2019-09-29 01:00:00+00:00,173.46,173.9,172.52,172.98,5749.226,1.57E+12,995494.1623,2864,2638.51957,456835.7383,0
2019-09-29 02:00:00+00:00,172.99,172.99,171.22,171.54,7518.26558,1.57E+12,1295232.649,3027,3688.46967,635311.8353,0
2019-09-29 03:00:00+00:00,171.54,172.05,170.9,171.18,15791.97044,1.57E+12,2705877.71,4671,8577.84904,1469612.945,0
2019-09-29 04:00:00+00:00,171.19,172.05,170.26,170.93,11286.92701,1.57E+12,1932050.162,4365,6114.68092,1046602.463,0
2019-09-29 05:00:00+00:00,170.93,171.71,170.54,171.3,9303.10284,1.57E+12,1592681.612,3895,4928.36876,843843.4126,0
2019-09-29 06:00:00+00:00,171.33,171.39,169.8,170.34,13999.46453,1.57E+12,2388201.205,5262,6623.34561,1130227.107,0
2019-09-29 07:00:00+00:00,170.34,170.96,168.64,169.97,21373.96663,1.57E+12,3629137.305,6456,10855.53575,1843289.395,0
2019-09-29 08:00:00+00:00,169.98,171.33,169.9,170.24,11223.04169,1.57E+12,1916524.263,4276,5339.57817,911594.4042,0
2019-09-29 09:00:00+00:00,170.2,170.87,169.89,170.49,9024.32597,1.57E+12,1536930.929,3597,4059.03608,691414.0215,0
2019-09-29 10:00:00+00:00,170.52,170.86,169.18,170.24,8129.96994,1.57E+12,1381860.05,3836,3623.19487,615957.6167,0
2019-09-29 11:00:00+00:00,170.24,170.33,168.34,169.42,25866.24665,1.57E+12,4376153.224,7749,13463.97883,2278170.87,0
2019-09-29 12:00:00+00:00,169.42,169.47,165.26,167.01,61997.72227,1.57E+12,10341910.94,15720,32920.59339,5487167.308,0
2019-09-29 13:00:00+00:00,166.99,167.87,165.22,166.63,22529.77216,1.57E+12,3754635.396,6242,11023.77872,1836761.363,0
2019-09-29 14:00:00+00:00,166.63,167.08,165.52,165.86,14596.36602,1.57E+12,2428860.255,4936,6633.97653,1103734.063,0
2019-09-29 15:00:00+00:00,165.87,167.76,164.12,167.32,27089.23495,1.57E+12,4490075.806,9187,12704.78694,2106097.172,0
2019-09-29 16:00:00+00:00,167.26,169.95,166.57,169.75,27505.72065,1.57E+12,4645153.516,9115,13608.42032,2297602.742,0
2019-09-29 17:00:00+00:00,169.74,169.77,167.9,168.31,11768.85058,1.57E+12,1986769.424,4681,5331.95615,900146.8819,0
2019-09-29 18:00:00+00:00,168.31,168.96,165.9,167.1,15011.99169,1.57E+12,2515009.443,5271,6970.21938,1167682.963,0
2019-09-29 19:00:00+00:00,167.17,167.75,165.49,167.03,21560.24076,1.57E+12,3593880.634,6215,10774.36351,1795932.658,0
2019-09-29 20:00:00+00:00,166.99,168.87,166.29,168.36,13668.3527,1.57E+12,2293063.027,4506,6871.34254,1153002.793,0
2019-09-29 21:00:00+00:00,168.39,169.96,167.91,169.13,17218.1777,1.57E+12,2910979.054,5687,9337.2312,1578996.735,0
2019-09-29 22:00:00+00:00,169.13,171.97,168.25,170.66,19900.32624,1.57E+12,3392811.821,6823,10979.19272,1872024.353,0
2019-09-29 23:00:00+00:00,170.64,171.26,169.09,169.24,7362.29345,1.57E+12,1251400.986,3261,4079.78875,693656.9569,0
2019-09-30 00:00:00+00:00,169.26,170.08,168.48,169.25,11901.71206,1.57E+12,2014663.04,4056,5938.25922,1005360.556,0
2019-09-30 01:00:00+00:00,169.21,169.73,167.9,169.72,9942.27571,1.57E+12,1679396.094,3737,4735.35086,799843.0414,0
2019-09-30 02:00:00+00:00,169.68,169.74,167.72,168.1,10099.83148,1.57E+12,1703242.474,4060,5138.35051,866556.1423,0
2019-09-30 03:00:00+00:00,168.14,168.5,167.2,168.24,9286.51568,1.57E+12,1559045.94,3936,4450.84208,747390.0134,0
2019-09-30 04:00:00+00:00,168.27,168.48,165.01,166.58,56606.07122,1.57E+12,9426868.161,14574,28026.13237,4668612.841,0
2019-09-30 05:00:00+00:00,166.45,167.62,165.89,166.44,22000.1258,1.57E+12,3668685.028,6704,12506.59966,2085980.15,0
2019-09-30 06:00:00+00:00,166.39,166.87,165.49,165.95,15039.16142,1.57E+12,2498536.943,6148,7461.70273,1239820.305,0
2019-09-30 07:00:00+00:00,165.85,167.39,165.3,166.8,12730.45085,1.57E+12,2119196.496,5822,6848.28813,1139984.828,0
2019-09-30 08:00:00+00:00,166.75,168.17,166.28,167.77,14558.0448,1.57E+12,2438681.721,6074,7673.43749,1285806.545,0
2019-09-30 09:00:00+00:00,167.78,173.74,167.39,172.99,49349.82627,1.57E+12,8426965.465,14709,25570.45717,4367539.959,0
2019-09-30 10:00:00+00:00,172.99,175.1,170.87,172.66,44312.06393,1.57E+12,7664253.111,13431,22062.64403,3815514.911,0
2019-09-30 11:00:00+00:00,172.7,173.79,172,172.67,31203.86738,1.57E+12,5393132.657,8865,14861.83994,2568872.073,0
2019-09-30 12:00:00+00:00,172.64,173.61,171.66,171.98,17067.28813,1.57E+12,2948090.793,5438,8618.83122,1488422.099,0
2019-09-30 13:00:00+00:00,171.98,175.25,171.98,174.75,30207.35848,1.57E+12,5249123.811,8474,16849.65059,2928661.6,0
2019-09-30 14:00:00+00:00,174.76,178.06,173.8,177.09,50773.42779,1.57E+12,8944421.665,11432,30336.63721,5348335.36,0
2019-09-30 15:00:00+00:00,177.18,179.01,176.33,178.9,57037.07868,1.57E+12,10140480.88,14072,31019.91605,5515249.31,0
2019-09-30 16:00:00+00:00,178.86,180.5,176.65,178.13,40063.74502,1.57E+12,7138906.017,10855,23399.14524,4169294.979,0
2019-09-30 17:00:00+00:00,178.15,178.36,176.66,177.31,13713.47286,1.57E+12,2432989.448,4706,6969.4172,1236725.105,0
2019-09-30 18:00:00+00:00,177.31,178.56,177.31,177.46,13921.12358,1.57E+12,2476382.11,4101,8511.56034,1513873.064,0
2019-09-30 19:00:00+00:00,177.46,177.82,176.84,177.8,8272.43721,1.57E+12,1467116.146,3163,3943.74366,699695.2257,0
2019-09-30 20:00:00+00:00,177.8,177.94,175.2,176.39,19274.9052,1.57E+12,3397737.624,6184,8232.4218,1451098.301,0
2019-09-30 21:00:00+00:00,176.46,177.5,176.14,177.25,9982.61979,1.57E+12,1764285.533,4123,5841.56746,1032452.973,0
2019-09-30 22:00:00+00:00,177.26,178.55,176.92,177.03,9205.65198,1.57E+12,1634920.574,4065,4631.25047,822840.5467,0
2019-09-30 23:00:00+00:00,177.04,181.24,177.02,180.85,23746.34438,1.57E+12,4256066.039,6625,11498.78472,2063193.116,0
